,sojourn_time,cdf
0,0.0,0.23665763866978773
1,0.03015075376884422,0.2500751235812544
2,0.06030150753768844,0.2634188770661924
3,0.09045226130653267,0.27667637769608144
4,0.12060301507537688,0.2898362244045898
5,0.1507537688442211,0.3028880637553294
6,0.18090452261306533,0.31582252146143963
7,0.21105527638190955,0.3286311379201714
8,0.24120603015075376,0.3413063075385069
9,0.271356783919598,0.35384122163800036
10,0.3015075376884422,0.3662298147385499
11,0.3316582914572864,0.37846671403169396
12,0.36180904522613067,0.3905471918643477
13,0.39195979899497485,0.40246712106365934
14,0.4221105527638191,0.4142229329428935
15,0.4522613065326633,0.42581157783700296
16,0.4824120603015075,0.437230488024821
17,0.5125628140703518,0.44847754290263464
18,0.542713567839196,0.4595510362813151
19,0.5728643216080401,0.4704496456861854
20,0.6030150753768844,0.48117240354544843
21,0.6331658291457286,0.49171867015927073
22,0.6633165829145728,0.5020881083475592
23,0.6934673366834171,0.5122806596800864
24,0.7236180904522613,0.5222965221979391
25,0.7537688442211055,0.5321361295402918
26,0.7839195979899497,0.5418001313952652
27,0.8140703517587939,0.5512893751981329
28,0.8442211055276382,0.5606048890043946
29,0.8743718592964824,0.5697478654692594
30,0.9045226130653266,0.578719646868898
31,0.9346733668341708,0.5875217111024154
32,0.964824120603015,0.5961556586169106
33,0.9949748743718593,0.604623200201206
34,1.0251256281407035,0.6129261455968776
35,1.0552763819095476,0.6210663928780984
36,1.085427135678392,0.6290459185545276
37,1.1155778894472361,0.6368667683540568
38,1.1457286432160803,0.6445310486446586
39,1.1758793969849246,0.65204091845688
40,1.2060301507537687,0.6593985820707042
41,1.236180904522613,0.6666062821325599
42,1.2663316582914572,0.6736662932701928
43,1.2964824120603013,0.6805809161749662
44,1.3266331658291457,0.6873524721228774
45,1.3567839195979898,0.6939832979072282
46,1.3869346733668342,0.700475741157434
47,1.4170854271356783,0.7068321560199204
48,1.4472361809045227,0.7130548991784393
49,1.4773869346733668,0.7191463261924487
50,1.507537688442211,0.725108788133427
51,1.5376884422110553,0.730944628500168
52,1.5678391959798994,0.7366561803951966
53,1.5979899497487438,0.7422457639454926
54,1.6281407035175879,0.7477156839516858
55,1.658291457286432,0.7530682277508207
56,1.6884422110552764,0.7583056632786579
57,1.7185929648241205,0.7634302373183104
58,1.7487437185929648,0.7684441739227941
59,1.778894472361809,0.773349672999806
60,1.809045226130653,0.7781489090477394
61,1.8391959798994975,0.7828440300326072
62,1.8693467336683416,0.7874371563961511
63,1.899497487437186,0.7919303801860158
64,1.92964824120603,0.7963257642994017
65,1.9597989949748742,0.8006253418321441
66,1.9899497487437185,0.8048311155256433
67,2.020100502512563,0.8089450573045462
68,2.050251256281407,0.8129691078985063
69,2.080402010050251,0.816905176541763
70,2.1105527638190953,0.8207551407446706
71,2.1407035175879394,0.8245208461316704
72,2.170854271356784,0.8282041063405449
73,2.201005025125628,0.8318067029781152
74,2.2311557788944723,0.8353303856278533
75,2.2613065326633164,0.8387768719051639
76,2.2914572864321605,0.842147847556361
77,2.321608040201005,0.8454449665976286
78,2.351758793969849,0.8486698514904821
79,2.3819095477386933,0.8518240933504856
80,2.4120603015075375,0.8549092521861841
81,2.4422110552763816,0.8579268571654168
82,2.472361809045226,0.8608784069063622
83,2.5025125628140703,0.8637653697908442
84,2.5326633165829144,0.8665891842975962
85,2.5628140703517586,0.8693512593533367
86,2.5929648241206027,0.8720529746996551
87,2.6231155778894473,0.8746956812738503
88,2.6532663316582914,0.8772807016019882
89,2.6834170854271355,0.8798093302025727
90,2.7135678391959797,0.8822828339993359
91,2.743718592964824,0.8847024527417617
92,2.7738693467336684,0.8870693994320599
93,2.8040201005025125,0.889384860757401
94,2.8341708542713566,0.8916499975263131
95,2.8643216080402008,0.8938659451082219
96,2.8944723618090453,0.8960338138751993
97,2.9246231155778895,0.8981546896450535
98,2.9547738693467336,0.9002296341249666
99,2.9849246231155777,0.9022596853549475
100,3.015075376884422,0.9042458581504291
101,3.0452261306532664,0.9061891445433969
102,3.0753768844221105,0.9080905142214845
103,3.1055276381909547,0.909950914964527
104,3.135678391959799,0.9117712730781027
105,3.165829145728643,0.9135524938236437
106,3.1959798994974875,0.9152954618447278
107,3.2261306532663316,0.9170010415892116
108,3.2562814070351758,0.9186700777268906
109,3.28643216080402,0.9203033955624089
110,3.316582914572864,0.9219018014431737
111,3.3467336683417086,0.9234660831620525
112,3.3768844221105527,0.9249970103546615
113,3.407035175879397,0.9264953348910775
114,3.437185929648241,0.9279617912618257
115,3.467336683417085,0.9293970969580208
116,3.4974874371859297,0.9308019528455554
117,3.527638190954774,0.9321770435332487
118,3.557788944723618,0.9335230377348845
119,3.587939698492462,0.9348405886250868
120,3.618090452261306,0.9361303341889874
121,3.648241206030151,0.9373928975656635
122,3.678391959798995,0.9386288873853265
123,3.708542713567839,0.9398388981002589
124,3.738693467336683,0.9410235103095069
125,3.7688442211055273,0.9421832910773414
126,3.798994974874372,0.943318794245515
127,3.829145728643216,0.9444305607393436
128,3.85929648241206,0.9455191188676542
129,3.8894472361809043,0.9465849846166436
130,3.9195979899497484,0.9476286619376993
131,3.949748743718593,0.9486506430292392
132,3.979899497487437,0.949651408612632
133,4.010050251256281,0.9506314282022647
134,4.040201005025126,0.9515911603698258
135,4.0703517587939695,0.9525310530028764
136,4.100502512562814,0.953451543557789
137,4.130653266331658,0.9543530593071269
138,4.160804020100502,0.9552360175815505
139,4.190954773869347,0.95610082600633
140,4.221105527638191,0.9569478827325498
141,4.251256281407035,0.9577775766630919
142,4.281407035175879,0.9585902876734822
143,4.311557788944723,0.9593863868276916
144,4.341708542713568,0.9601662365889768
145,4.371859296482412,0.9609301910258519
146,4.402010050251256,0.9616785960132808
147,4.4321608040201,0.962411789429177
148,4.4623115577889445,0.9631301013463042
149,4.492462311557789,0.9638338542196626
150,4.522613065326633,0.9645233630694545
151,4.552763819095477,0.9651989356597136
152,4.582914572864321,0.9658608726726894
153,4.613065326633166,0.9665094678790714
154,4.64321608040201,0.9671450083041421
155,4.673366834170854,0.9677677743899427
156,4.703517587939698,0.9683780401535382
157,4.733668341708542,0.9689760733414653
158,4.763819095477387,0.9695621355804452
159,4.793969849246231,0.9701364825244461
160,4.824120603015075,0.9706993639981725
161,4.8542713567839195,0.9712510241370657
162,4.884422110552763,0.9717917015238893
163,4.914572864321608,0.9723216293219819
164,4.944723618090452,0.9728410354052488
165,4.974874371859296,0.9733501424849724
166,5.005025125628141,0.9738491682335106
167,5.035175879396984,0.9743383254049581
168,5.065326633165829,0.9748178219528423
169,5.0954773869346734,0.975287861144922
170,5.125628140703517,0.9757486416751586
171,5.155778894472362,0.9762003577729267
172,5.185929648241205,0.97664319930953
173,5.21608040201005,0.9770773519020887
174,5.2462311557788945,0.9775029970148588
175,5.276381909547738,0.9779203120580486
176,5.306532663316583,0.9783294704841919
177,5.3366834170854265,0.9787306418821361
178,5.366834170854271,0.9791239920687066
179,5.396984924623116,0.979509683178102
180,5.427135678391959,0.9798878737490768
181,5.457286432160804,0.980258718809967
182,5.487437185929648,0.9806223699616099
183,5.517587939698492,0.9809789754582131
184,5.547738693467337,0.9813286802862214
185,5.57788944723618,0.981671626241233
186,5.608040201005025,0.9820079520030122
187,5.638190954773869,0.9823377932086481
188,5.668341708542713,0.9826612825239044
189,5.698492462311558,0.982978549712806
190,5.7286432160804015,0.9832897217055067
191,5.758793969849246,0.9835949226644825
192,5.788944723618091,0.98389427404909
193,5.819095477386934,0.9841878946785344
194,5.849246231155779,0.9844759007932846
195,5.879396984924623,0.9847584061149766
196,5.909547738693467,0.985035521904842
197,5.939698492462312,0.9853073570207006
198,5.969849246231155,0.9855740179725517
199,6.0,0.9858356089768008
