,R,rho,best
0,1,0.01,E
1,1,0.02,E
2,1,0.03,E
3,1,0.04,E
4,1,0.05,D
5,1,0.06,E
6,1,0.07,D
7,1,0.08,E
8,1,0.09,E
9,1,0.1,E
10,1,0.11,E
11,1,0.12,F
12,1,0.13,F
13,1,0.14,F
14,1,0.15,F
15,1,0.16,F
16,1,0.17,F
17,1,0.18,F
18,1,0.19,F
19,1,0.2,F
20,1,0.21,F
21,1,0.22,F
22,1,0.23,F
23,1,0.24,F
24,1,0.25,F
25,1,0.26,F
26,1,0.27,F
27,1,0.28,D
28,1,0.29,D
29,1,0.3,D
30,1,0.31,D
31,1,0.32,D
32,1,0.33,D
33,1,0.34,D
34,1,0.35,D
35,1,0.36,D
36,1,0.37,D
37,1,0.38,D
38,1,0.39,D
39,1,0.4,D
40,1,0.41,D
41,1,0.42,D
42,1,0.43,D
43,1,0.44,D
44,1,0.45,D
45,1,0.46,D
46,1,0.47,D
47,1,0.48,D
48,1,0.49,D
49,1,0.5,D
50,1,0.51,F
51,1,0.52,F
52,1,0.53,F
53,1,0.54,F
54,1,0.55,F
55,1,0.56,F
56,1,0.57,F
57,1,0.58,F
58,1,0.59,F
59,1,0.6,F
60,1,0.61,F
61,1,0.62,F
62,1,0.63,F
63,1,0.64,F
64,1,0.65,F
65,1,0.66,F
66,1,0.67,F
67,1,0.68,F
68,1,0.69,F
69,1,0.7,F
70,1,0.71,F
71,1,0.72,F
72,1,0.73,F
73,1,0.74,F
74,1,0.75,F
75,1,0.76,F
76,1,0.77,D
77,1,0.78,D
78,1,0.79,D
79,1,0.8,D
80,1,0.81,D
81,1,0.82,D
82,1,0.83,D
83,1,0.84,E
84,1,0.85,E
85,1,0.86,E
86,1,0.87,E
87,1,0.88,F
88,1,0.89,B
89,1,0.9,B
90,1,0.91,B
91,1,0.92,B
92,1,0.93,B
93,1,0.94,B
94,1,0.95,C
95,1,0.96,B
96,1,0.97,B
97,1,0.98,B
98,1,0.99,B
99,2,0.01,D
100,2,0.02,D
101,2,0.03,D
102,2,0.04,D
103,2,0.05,D
104,2,0.06,D
105,2,0.07,D
106,2,0.08,D
107,2,0.09,D
108,2,0.1,D
109,2,0.11,D
110,2,0.12,D
111,2,0.13,D
112,2,0.14,D
113,2,0.15,D
114,2,0.16,D
115,2,0.17,D
116,2,0.18,D
117,2,0.19,D
118,2,0.2,D
119,2,0.21,D
120,2,0.22,D
121,2,0.23,D
122,2,0.24,D
123,2,0.25,D
124,2,0.26,D
125,2,0.27,D
126,2,0.28,D
127,2,0.29,D
128,2,0.3,D
129,2,0.31,D
130,2,0.32,D
131,2,0.33,D
132,2,0.34,D
133,2,0.35,D
134,2,0.36,D
135,2,0.37,D
136,2,0.38,D
137,2,0.39,D
138,2,0.4,D
139,2,0.41,D
140,2,0.42,D
141,2,0.43,D
142,2,0.44,D
143,2,0.45,D
144,2,0.46,D
145,2,0.47,D
146,2,0.48,D
147,2,0.49,D
148,2,0.5,D
149,2,0.51,D
150,2,0.52,D
151,2,0.53,D
152,2,0.54,D
153,2,0.55,D
154,2,0.56,D
155,2,0.57,D
156,2,0.58,D
157,2,0.59,D
158,2,0.6,D
159,2,0.61,D
160,2,0.62,D
161,2,0.63,D
162,2,0.64,D
163,2,0.65,D
164,2,0.66,D
165,2,0.67,D
166,2,0.68,D
167,2,0.69,D
168,2,0.7,D
169,2,0.71,C
170,2,0.72,D
171,2,0.73,B
172,2,0.74,B
173,2,0.75,B
174,2,0.76,B
175,2,0.77,D
176,2,0.78,D
177,2,0.79,D
178,2,0.8,D
179,2,0.81,D
180,2,0.82,D
181,2,0.83,D
182,2,0.84,D
183,2,0.85,D
184,2,0.86,D
185,2,0.87,D
186,2,0.88,D
187,2,0.89,D
188,2,0.9,D
189,2,0.91,F
190,2,0.92,F
191,2,0.93,F
192,2,0.94,C
193,2,0.95,C
194,2,0.96,E
195,2,0.97,E
196,2,0.98,E
197,2,0.99,E
198,3,0.01,D
199,3,0.02,D
200,3,0.03,D
201,3,0.04,F
202,3,0.05,F
203,3,0.06,F
204,3,0.07,D
205,3,0.08,D
206,3,0.09,D
207,3,0.1,D
208,3,0.11,D
209,3,0.12,D
210,3,0.13,D
211,3,0.14,D
212,3,0.15,D
213,3,0.16,D
214,3,0.17,D
215,3,0.18,D
216,3,0.19,D
217,3,0.2,D
218,3,0.21,D
219,3,0.22,D
220,3,0.23,D
221,3,0.24,D
222,3,0.25,D
223,3,0.26,D
224,3,0.27,D
225,3,0.28,D
226,3,0.29,D
227,3,0.3,D
228,3,0.31,D
229,3,0.32,D
230,3,0.33,D
231,3,0.34,D
232,3,0.35,D
233,3,0.36,D
234,3,0.37,D
235,3,0.38,D
236,3,0.39,D
237,3,0.4,D
238,3,0.41,D
239,3,0.42,D
240,3,0.43,D
241,3,0.44,D
242,3,0.45,D
243,3,0.46,D
244,3,0.47,D
245,3,0.48,D
246,3,0.49,D
247,3,0.5,D
248,3,0.51,D
249,3,0.52,D
250,3,0.53,D
251,3,0.54,D
252,3,0.55,D
253,3,0.56,D
254,3,0.57,D
255,3,0.58,D
256,3,0.59,D
257,3,0.6,D
258,3,0.61,D
259,3,0.62,D
260,3,0.63,C
261,3,0.64,C
262,3,0.65,C
263,3,0.66,C
264,3,0.67,C
265,3,0.68,C
266,3,0.69,C
267,3,0.7,C
268,3,0.71,C
269,3,0.72,C
270,3,0.73,C
271,3,0.74,C
272,3,0.75,C
273,3,0.76,B
274,3,0.77,B
275,3,0.78,B
276,3,0.79,C
277,3,0.8,C
278,3,0.81,C
279,3,0.82,C
280,3,0.83,C
281,3,0.84,C
282,3,0.85,C
283,3,0.86,C
284,3,0.87,C
285,3,0.88,C
286,3,0.89,C
287,3,0.9,D
288,3,0.91,D
289,3,0.92,D
290,3,0.93,D
291,3,0.94,D
292,3,0.95,C
293,3,0.96,E
294,3,0.97,E
295,3,0.98,E
296,3,0.99,E
297,4,0.01,D
298,4,0.02,D
299,4,0.03,D
300,4,0.04,D
301,4,0.05,D
302,4,0.06,D
303,4,0.07,D
304,4,0.08,D
305,4,0.09,D
306,4,0.1,D
307,4,0.11,D
308,4,0.12,D
309,4,0.13,D
310,4,0.14,D
311,4,0.15,D
312,4,0.16,D
313,4,0.17,D
314,4,0.18,D
315,4,0.19,D
316,4,0.2,D
317,4,0.21,D
318,4,0.22,D
319,4,0.23,D
320,4,0.24,D
321,4,0.25,D
322,4,0.26,D
323,4,0.27,D
324,4,0.28,D
325,4,0.29,D
326,4,0.3,D
327,4,0.31,D
328,4,0.32,D
329,4,0.33,D
330,4,0.34,D
331,4,0.35,D
332,4,0.36,D
333,4,0.37,D
334,4,0.38,D
335,4,0.39,D
336,4,0.4,D
337,4,0.41,D
338,4,0.42,D
339,4,0.43,D
340,4,0.44,D
341,4,0.45,D
342,4,0.46,D
343,4,0.47,D
344,4,0.48,D
345,4,0.49,D
346,4,0.5,D
347,4,0.51,D
348,4,0.52,D
349,4,0.53,D
350,4,0.54,D
351,4,0.55,D
352,4,0.56,D
353,4,0.57,D
354,4,0.58,D
355,4,0.59,D
356,4,0.6,C
357,4,0.61,C
358,4,0.62,C
359,4,0.63,C
360,4,0.64,C
361,4,0.65,C
362,4,0.66,C
363,4,0.67,C
364,4,0.68,C
365,4,0.69,C
366,4,0.7,C
367,4,0.71,C
368,4,0.72,C
369,4,0.73,C
370,4,0.74,C
371,4,0.75,C
372,4,0.76,C
373,4,0.77,B
374,4,0.78,B
375,4,0.79,B
376,4,0.8,B
377,4,0.81,C
378,4,0.82,C
379,4,0.83,C
380,4,0.84,C
381,4,0.85,C
382,4,0.86,C
383,4,0.87,C
384,4,0.88,C
385,4,0.89,C
386,4,0.9,C
387,4,0.91,C
388,4,0.92,D
389,4,0.93,D
390,4,0.94,C
391,4,0.95,C
392,4,0.96,E
393,4,0.97,E
394,4,0.98,E
395,4,0.99,E
396,5,0.01,D
397,5,0.02,D
398,5,0.03,F
399,5,0.04,F
400,5,0.05,D
401,5,0.06,D
402,5,0.07,D
403,5,0.08,D
404,5,0.09,D
405,5,0.1,D
406,5,0.11,D
407,5,0.12,D
408,5,0.13,D
409,5,0.14,D
410,5,0.15,D
411,5,0.16,D
412,5,0.17,D
413,5,0.18,D
414,5,0.19,D
415,5,0.2,D
416,5,0.21,D
417,5,0.22,D
418,5,0.23,D
419,5,0.24,D
420,5,0.25,D
421,5,0.26,D
422,5,0.27,D
423,5,0.28,D
424,5,0.29,D
425,5,0.3,D
426,5,0.31,D
427,5,0.32,D
428,5,0.33,D
429,5,0.34,D
430,5,0.35,D
431,5,0.36,D
432,5,0.37,D
433,5,0.38,D
434,5,0.39,D
435,5,0.4,D
436,5,0.41,D
437,5,0.42,D
438,5,0.43,D
439,5,0.44,D
440,5,0.45,D
441,5,0.46,D
442,5,0.47,D
443,5,0.48,D
444,5,0.49,D
445,5,0.5,D
446,5,0.51,D
447,5,0.52,D
448,5,0.53,D
449,5,0.54,D
450,5,0.55,D
451,5,0.56,D
452,5,0.57,D
453,5,0.58,D
454,5,0.59,C
455,5,0.6,C
456,5,0.61,C
457,5,0.62,C
458,5,0.63,C
459,5,0.64,C
460,5,0.65,C
461,5,0.66,C
462,5,0.67,C
463,5,0.68,C
464,5,0.69,C
465,5,0.7,C
466,5,0.71,C
467,5,0.72,C
468,5,0.73,C
469,5,0.74,C
470,5,0.75,C
471,5,0.76,C
472,5,0.77,C
473,5,0.78,C
474,5,0.79,C
475,5,0.8,C
476,5,0.81,C
477,5,0.82,C
478,5,0.83,C
479,5,0.84,C
480,5,0.85,C
481,5,0.86,C
482,5,0.87,C
483,5,0.88,C
484,5,0.89,C
485,5,0.9,C
486,5,0.91,C
487,5,0.92,C
488,5,0.93,C
489,5,0.94,C
490,5,0.95,C
491,5,0.96,E
492,5,0.97,E
493,5,0.98,E
494,5,0.99,E
495,6,0.01,D
496,6,0.02,D
497,6,0.03,D
498,6,0.04,D
499,6,0.05,D
500,6,0.06,D
501,6,0.07,D
502,6,0.08,D
503,6,0.09,D
504,6,0.1,D
505,6,0.11,D
506,6,0.12,D
507,6,0.13,D
508,6,0.14,D
509,6,0.15,D
510,6,0.16,D
511,6,0.17,D
512,6,0.18,D
513,6,0.19,D
514,6,0.2,D
515,6,0.21,D
516,6,0.22,D
517,6,0.23,D
518,6,0.24,D
519,6,0.25,D
520,6,0.26,D
521,6,0.27,D
522,6,0.28,D
523,6,0.29,D
524,6,0.3,D
525,6,0.31,D
526,6,0.32,D
527,6,0.33,D
528,6,0.34,D
529,6,0.35,D
530,6,0.36,D
531,6,0.37,D
532,6,0.38,D
533,6,0.39,D
534,6,0.4,D
535,6,0.41,D
536,6,0.42,D
537,6,0.43,D
538,6,0.44,D
539,6,0.45,D
540,6,0.46,D
541,6,0.47,D
542,6,0.48,D
543,6,0.49,D
544,6,0.5,D
545,6,0.51,D
546,6,0.52,D
547,6,0.53,D
548,6,0.54,D
549,6,0.55,D
550,6,0.56,D
551,6,0.57,D
552,6,0.58,C
553,6,0.59,C
554,6,0.6,C
555,6,0.61,C
556,6,0.62,C
557,6,0.63,C
558,6,0.64,C
559,6,0.65,C
560,6,0.66,C
561,6,0.67,C
562,6,0.68,C
563,6,0.69,C
564,6,0.7,C
565,6,0.71,C
566,6,0.72,C
567,6,0.73,C
568,6,0.74,C
569,6,0.75,C
570,6,0.76,C
571,6,0.77,C
572,6,0.78,C
573,6,0.79,C
574,6,0.8,C
575,6,0.81,C
576,6,0.82,C
577,6,0.83,C
578,6,0.84,C
579,6,0.85,C
580,6,0.86,C
581,6,0.87,C
582,6,0.88,C
583,6,0.89,C
584,6,0.9,C
585,6,0.91,C
586,6,0.92,C
587,6,0.93,C
588,6,0.94,C
589,6,0.95,C
590,6,0.96,E
591,6,0.97,E
592,6,0.98,E
593,6,0.99,E
594,7,0.01,D
595,7,0.02,D
596,7,0.03,F
597,7,0.04,D
598,7,0.05,D
599,7,0.06,D
600,7,0.07,D
601,7,0.08,D
602,7,0.09,D
603,7,0.1,D
604,7,0.11,D
605,7,0.12,D
606,7,0.13,D
607,7,0.14,D
608,7,0.15,D
609,7,0.16,D
610,7,0.17,D
611,7,0.18,D
612,7,0.19,D
613,7,0.2,D
614,7,0.21,D
615,7,0.22,D
616,7,0.23,D
617,7,0.24,D
618,7,0.25,D
619,7,0.26,D
620,7,0.27,D
621,7,0.28,D
622,7,0.29,D
623,7,0.3,D
624,7,0.31,D
625,7,0.32,D
626,7,0.33,D
627,7,0.34,D
628,7,0.35,D
629,7,0.36,D
630,7,0.37,D
631,7,0.38,D
632,7,0.39,D
633,7,0.4,D
634,7,0.41,D
635,7,0.42,D
636,7,0.43,D
637,7,0.44,D
638,7,0.45,D
639,7,0.46,D
640,7,0.47,D
641,7,0.48,D
642,7,0.49,D
643,7,0.5,D
644,7,0.51,D
645,7,0.52,D
646,7,0.53,D
647,7,0.54,D
648,7,0.55,D
649,7,0.56,D
650,7,0.57,B
651,7,0.58,C
652,7,0.59,C
653,7,0.6,C
654,7,0.61,C
655,7,0.62,C
656,7,0.63,C
657,7,0.64,C
658,7,0.65,C
659,7,0.66,C
660,7,0.67,C
661,7,0.68,C
662,7,0.69,C
663,7,0.7,C
664,7,0.71,C
665,7,0.72,C
666,7,0.73,C
667,7,0.74,C
668,7,0.75,C
669,7,0.76,C
670,7,0.77,C
671,7,0.78,C
672,7,0.79,C
673,7,0.8,C
674,7,0.81,C
675,7,0.82,C
676,7,0.83,C
677,7,0.84,C
678,7,0.85,C
679,7,0.86,C
680,7,0.87,C
681,7,0.88,C
682,7,0.89,C
683,7,0.9,C
684,7,0.91,C
685,7,0.92,C
686,7,0.93,C
687,7,0.94,C
688,7,0.95,C
689,7,0.96,E
690,7,0.97,E
691,7,0.98,E
692,7,0.99,E
693,8,0.01,D
694,8,0.02,D
695,8,0.03,D
696,8,0.04,D
697,8,0.05,D
698,8,0.06,D
699,8,0.07,D
700,8,0.08,D
701,8,0.09,D
702,8,0.1,D
703,8,0.11,D
704,8,0.12,D
705,8,0.13,D
706,8,0.14,D
707,8,0.15,D
708,8,0.16,D
709,8,0.17,D
710,8,0.18,D
711,8,0.19,D
712,8,0.2,D
713,8,0.21,D
714,8,0.22,D
715,8,0.23,D
716,8,0.24,D
717,8,0.25,D
718,8,0.26,D
719,8,0.27,D
720,8,0.28,D
721,8,0.29,D
722,8,0.3,D
723,8,0.31,D
724,8,0.32,D
725,8,0.33,D
726,8,0.34,D
727,8,0.35,D
728,8,0.36,D
729,8,0.37,D
730,8,0.38,D
731,8,0.39,D
732,8,0.4,D
733,8,0.41,D
734,8,0.42,D
735,8,0.43,D
736,8,0.44,D
737,8,0.45,D
738,8,0.46,D
739,8,0.47,D
740,8,0.48,D
741,8,0.49,D
742,8,0.5,D
743,8,0.51,D
744,8,0.52,D
745,8,0.53,D
746,8,0.54,D
747,8,0.55,D
748,8,0.56,D
749,8,0.57,B
750,8,0.58,B
751,8,0.59,B
752,8,0.6,B
753,8,0.61,C
754,8,0.62,C
755,8,0.63,C
756,8,0.64,C
757,8,0.65,C
758,8,0.66,C
759,8,0.67,C
760,8,0.68,C
761,8,0.69,C
762,8,0.7,C
763,8,0.71,C
764,8,0.72,C
765,8,0.73,C
766,8,0.74,C
767,8,0.75,C
768,8,0.76,C
769,8,0.77,C
770,8,0.78,C
771,8,0.79,C
772,8,0.8,C
773,8,0.81,C
774,8,0.82,C
775,8,0.83,C
776,8,0.84,C
777,8,0.85,C
778,8,0.86,C
779,8,0.87,C
780,8,0.88,C
781,8,0.89,C
782,8,0.9,C
783,8,0.91,C
784,8,0.92,C
785,8,0.93,C
786,8,0.94,C
787,8,0.95,C
788,8,0.96,E
789,8,0.97,E
790,8,0.98,E
791,8,0.99,E
792,9,0.01,D
793,9,0.02,F
794,9,0.03,F
795,9,0.04,D
796,9,0.05,D
797,9,0.06,D
798,9,0.07,D
799,9,0.08,D
800,9,0.09,D
801,9,0.1,D
802,9,0.11,D
803,9,0.12,D
804,9,0.13,D
805,9,0.14,D
806,9,0.15,D
807,9,0.16,D
808,9,0.17,D
809,9,0.18,D
810,9,0.19,D
811,9,0.2,D
812,9,0.21,D
813,9,0.22,D
814,9,0.23,D
815,9,0.24,D
816,9,0.25,D
817,9,0.26,D
818,9,0.27,D
819,9,0.28,D
820,9,0.29,D
821,9,0.3,D
822,9,0.31,D
823,9,0.32,D
824,9,0.33,D
825,9,0.34,D
826,9,0.35,D
827,9,0.36,D
828,9,0.37,D
829,9,0.38,D
830,9,0.39,D
831,9,0.4,D
832,9,0.41,D
833,9,0.42,D
834,9,0.43,D
835,9,0.44,D
836,9,0.45,D
837,9,0.46,D
838,9,0.47,D
839,9,0.48,D
840,9,0.49,D
841,9,0.5,D
842,9,0.51,D
843,9,0.52,D
844,9,0.53,D
845,9,0.54,D
846,9,0.55,D
847,9,0.56,B
848,9,0.57,B
849,9,0.58,B
850,9,0.59,B
851,9,0.6,B
852,9,0.61,B
853,9,0.62,C
854,9,0.63,C
855,9,0.64,C
856,9,0.65,C
857,9,0.66,C
858,9,0.67,C
859,9,0.68,C
860,9,0.69,C
861,9,0.7,C
862,9,0.71,C
863,9,0.72,C
864,9,0.73,C
865,9,0.74,C
866,9,0.75,C
867,9,0.76,C
868,9,0.77,C
869,9,0.78,C
870,9,0.79,C
871,9,0.8,C
872,9,0.81,C
873,9,0.82,C
874,9,0.83,C
875,9,0.84,C
876,9,0.85,C
877,9,0.86,C
878,9,0.87,C
879,9,0.88,C
880,9,0.89,C
881,9,0.9,C
882,9,0.91,C
883,9,0.92,C
884,9,0.93,C
885,9,0.94,C
886,9,0.95,C
887,9,0.96,E
888,9,0.97,E
889,9,0.98,E
890,9,0.99,E
891,10,0.01,D
892,10,0.02,D
893,10,0.03,D
894,10,0.04,D
895,10,0.05,D
896,10,0.06,D
897,10,0.07,D
898,10,0.08,D
899,10,0.09,D
900,10,0.1,D
901,10,0.11,D
902,10,0.12,D
903,10,0.13,D
904,10,0.14,D
905,10,0.15,D
906,10,0.16,D
907,10,0.17,D
908,10,0.18,D
909,10,0.19,D
910,10,0.2,D
911,10,0.21,D
912,10,0.22,D
913,10,0.23,D
914,10,0.24,D
915,10,0.25,D
916,10,0.26,D
917,10,0.27,D
918,10,0.28,D
919,10,0.29,D
920,10,0.3,D
921,10,0.31,D
922,10,0.32,D
923,10,0.33,D
924,10,0.34,D
925,10,0.35,D
926,10,0.36,D
927,10,0.37,D
928,10,0.38,D
929,10,0.39,D
930,10,0.4,D
931,10,0.41,D
932,10,0.42,D
933,10,0.43,D
934,10,0.44,D
935,10,0.45,D
936,10,0.46,D
937,10,0.47,D
938,10,0.48,D
939,10,0.49,D
940,10,0.5,D
941,10,0.51,D
942,10,0.52,D
943,10,0.53,D
944,10,0.54,D
945,10,0.55,D
946,10,0.56,D
947,10,0.57,C
948,10,0.58,C
949,10,0.59,C
950,10,0.6,C
951,10,0.61,C
952,10,0.62,C
953,10,0.63,C
954,10,0.64,B
955,10,0.65,B
956,10,0.66,B
957,10,0.67,B
958,10,0.68,B
959,10,0.69,B
960,10,0.7,B
961,10,0.71,B
962,10,0.72,C
963,10,0.73,C
964,10,0.74,C
965,10,0.75,C
966,10,0.76,C
967,10,0.77,C
968,10,0.78,C
969,10,0.79,C
970,10,0.8,C
971,10,0.81,C
972,10,0.82,C
973,10,0.83,C
974,10,0.84,C
975,10,0.85,C
976,10,0.86,C
977,10,0.87,C
978,10,0.88,C
979,10,0.89,C
980,10,0.9,C
981,10,0.91,C
982,10,0.92,C
983,10,0.93,C
984,10,0.94,C
985,10,0.95,C
986,10,0.96,E
987,10,0.97,E
988,10,0.98,E
989,10,0.99,E
