,R,rho,runtime m1,runtime m2,error m1,error m2
0,1,0.01,153.3261251449585,69.8624324798584,0.03569534322010907,0.06681497448925124
1,1,0.02,150.1099689006805,73.95547199249269,0.02198168980832125,0.11179333575817295
2,1,0.03,158.1838381290436,80.67808365821837,0.02132210230612736,0.10344802314075949
3,1,0.04,166.1465928554535,84.80396461486815,0.01475928421406471,0.09903711145206362
4,1,0.05,173.59818243980408,88.91651654243469,0.01629201571470402,0.08266035822597041
5,1,0.06,180.7161955833435,93.39359068870544,0.014412779735776947,0.09206292961322392
6,1,0.07,187.95859551429749,99.30393862724304,0.008764345583330084,0.07628155133752415
7,1,0.08,194.74427151679996,104.98569869995116,0.0087390721685689,0.06705787940825614
8,1,0.09,204.20202422142032,112.2387387752533,0.016115439877366685,0.08294326466337879
9,1,0.1,211.44048738479614,119.45853495597841,0.006925871817576915,0.06579599731399652
10,1,0.11,219.83791637420654,129.9895269870758,0.007691295315141927,0.06672765591366715
11,1,0.12,227.2817497253418,140.4195499420166,0.00990626940133219,0.06359831295637638
12,1,0.13,235.78597211837769,154.45812273025513,0.019484620844973124,0.07356373007973126
13,1,0.14,242.96541500091556,173.58114337921143,0.00857380129216609,0.05344884325458099
14,1,0.15,251.038094997406,200.095370054245,0.008579916590626362,0.041803557993642056
15,1,0.16,259.78797960281366,240.62491965293884,0.01248072657363162,0.033905801474915086
16,1,0.17,268.06210017204285,340.2065289020538,0.011598047982799363,0.032121810854356767
17,1,0.18,276.926186800003,1476.8883810043335,0.013117488248265927,0.046877700841975525
18,1,0.19,286.14124202728266,1570.7956154346466,0.009175924761682237,0.034643413773720474
19,1,0.2,294.3076257705688,1657.0355997085571,0.006920306091216586,0.028159232154578558
20,1,0.21,305.23254871368414,1724.347992658615,0.0066928290929734536,0.019486111942782238
21,1,0.22,315.3990089893341,1781.6442291736605,0.009773661686716813,0.02417842337849182
22,1,0.23,325.98011136054987,1869.2033569812772,0.013623368358294748,0.026319839947424324
23,1,0.24,337.3496646881104,1931.2128341197968,0.01157376046326854,0.017968977182518366
24,1,0.25,351.289621591568,2002.0530688762665,0.013477769629214136,0.011098408715204516
25,1,0.26,362.2242329120636,2072.4663095474248,0.010142577815024412,0.009495363123830957
26,1,0.27,372.4240739345551,2139.6500461101527,0.008773198246496677,0.007773995093914231
27,1,0.28,387.4225249290466,2203.850724220276,0.01852316269849631,0.01937484604196228
28,1,0.29,397.1617877483368,2284.114371061325,0.009178093606326496,0.007370318291720371
29,1,0.3,407.392373085022,2332.9153518676762,0.019435133845974974,0.023228032381243935
30,1,0.31,418.10084295272827,2399.2094168663025,0.009948907437940595,0.015981583266689352
31,1,0.32,425.42994475364685,2459.562804222107,0.010409713386369231,0.018335111574492826
32,1,0.33,433.0007145404816,2471.9479205608372,0.007424178159666034,0.016043350864145097
33,1,0.34,439.0872197151184,2506.110311985016,0.0067493180217566996,0.013037650865460942
34,1,0.35,442.39419960975647,2528.062594652176,0.028199880001494704,0.01773686494221247
35,1,0.36,449.7633590698242,2538.8965601921077,0.020353689806120016,0.034528387926288526
36,1,0.37,454.15643763542175,2564.09583067894,0.0078057127015988175,0.02153976693104732
37,1,0.38,451.5349144935608,2568.323935270309,0.023694678840770297,0.009158093443193318
38,1,0.39,453.96668338775635,2606.984581232071,0.00963787173493384,0.01773999837480003
39,1,0.4,455.8533802032471,2604.7347469329834,0.017167279727013852,0.010199657306394353
40,1,0.41,461.1293601989746,2635.210874080658,0.0375920259676086,0.021264695757735562
41,1,0.42,458.1863222122192,2620.648458957672,0.01772613570295914,0.0326235459736405
42,1,0.43,464.204959154129,2638.7631874084477,0.013907175140869896,0.008949316343837128
43,1,0.44,462.7905750274658,2640.793207168579,0.010399262909401592,0.010882414763104465
44,1,0.45,464.834356546402,2668.2042453289027,0.01764751407008788,0.02930929177298214
45,1,0.46,465.5240020751953,2665.836145401001,0.014893940444221238,0.00947325723723935
46,1,0.47,465.872722864151,2688.889852285385,0.011643420071996893,0.01779164340380349
47,1,0.48,465.0548858642578,2705.505616903305,0.047937844377139584,0.0409140902582144
48,1,0.49,468.074830532074,2728.9243099689484,0.025946206461975416,0.0305892451272719
49,1,0.5,466.00310373306274,2709.489139080048,0.01574345605584245,0.013838571520056617
50,1,0.51,468.15334129333496,2745.658145904541,0.023771826326027333,0.02307120200910828
51,1,0.52,467.7175760269165,2748.270304203033,0.015979712726886697,0.018651923285228376
52,1,0.53,466.20026993751526,2715.8772821426387,0.030307311031007426,0.023090040310444506
53,1,0.54,464.2076680660248,2728.2064180374146,0.028037003299812478,0.017561585944531017
54,1,0.55,467.57964420318604,2676.942312240601,0.04966566271189031,0.03505746870904186
55,1,0.56,462.85960698127747,2691.4267003536224,0.028709118845528597,0.04724393284861309
56,1,0.57,463.77282738685614,2684.7332446575165,0.013734920733317288,0.03393755415415561
57,1,0.58,463.0455524921417,2644.982311487198,0.026681476616904183,0.0116734597875708
58,1,0.59,464.4258143901825,2649.6925430297847,0.010401391822558463,0.03835585733880849
59,1,0.6,461.3423795700073,2551.528928279877,0.019292380766071777,0.023263284761866735
60,1,0.61,461.314151763916,2558.918328523636,0.03144429364130292,0.01834600950522364
61,1,0.62,460.151673078537,2512.290617227555,0.029384690493098872,0.052770619814745706
62,1,0.63,462.09489345550537,2493.308775424957,0.03414176177762598,0.04170490019991922
63,1,0.64,458.8634004592896,2472.9740478992458,0.08559485482143271,0.033163778761008046
64,1,0.65,457.2405891418457,2431.794837474823,0.05845682520201075,0.11434403150136739
65,1,0.66,455.9923324584961,2421.988765239716,0.053240088489894685,0.01824054938187292
66,1,0.67,456.28254079818726,2393.1244752407074,0.024160423972322428,0.05046825932987554
67,1,0.68,455.0179741382599,2340.0788717269893,0.0460677370799619,0.03504429695671772
68,1,0.69,454.432612657547,2338.033612966537,0.06943784567832653,0.13304673423336452
69,1,0.7,451.6350748538971,2321.8462381362915,0.041329505320386296,0.04193280385393201
70,1,0.71,447.96195149421686,2329.002917766571,0.06667538648150735,0.037664198261761477
71,1,0.72,447.27113103866577,2328.222501277924,0.07052909447348446,0.021828131867377722
72,1,0.73,449.4688148498535,2300.0379402637477,0.043810162125142806,0.029693259911186987
73,1,0.74,444.13441228866577,2305.003832101822,0.04915479807605147,0.08465634555755003
74,1,0.75,444.3504004478455,2300.3139111995692,0.04840459723386953,0.02062269615699709
75,1,0.76,441.79109263420105,2322.555193901062,0.060111095093934974,0.08020113464064893
76,1,0.77,439.0051097869873,2339.764316082001,0.07083369053699394,0.04702565844321931
77,1,0.78,439.43360590934753,2324.907935142517,0.07708279140741832,0.04086050986678568
78,1,0.79,436.8980576992035,2348.3075811862946,0.06070131313576381,0.06992408217293612
79,1,0.8,435.2605566978455,2344.390539646149,0.046973209850758264,0.12509109827022724
80,1,0.81,435.08023953437805,2358.212994098664,0.15517177160496504,0.09845869556347152
81,1,0.82,436.036847114563,2336.2968997955318,0.04572348497415085,0.291782290844419
82,1,0.83,433.65840983390814,2327.7626996040344,0.4134304201299348,0.10169381282562112
83,1,0.84,430.0183162689209,2328.017504453659,0.846899766646301,0.3487662341576808
84,1,0.85,430.8911476135254,2302.7367849349976,0.6055239929144085,0.16660391351724627
85,1,0.86,425.9288990497589,2289.2805943489075,0.6191592488333891,0.3443503730322226
86,1,0.87,426.9922149181366,2312.8489410877232,0.6770412756176323,0.48338462621597267
87,1,0.88,423.4878108501434,2256.3623967170715,1.805404485300319,0.5906871374060598
88,1,0.89,423.49952721595764,2176.178526878357,1.6802416243464384,0.36976195120028316
89,1,0.9,420.8021006584168,1998.2084975242612,2.3234716356988363,0.7118718489139164
90,1,0.91,422.19260454177856,1814.6117746829987,3.4566041235108576,1.6565383281328239
91,1,0.92,418.4496805667877,1594.3653094768524,3.075709930279866,1.5211366658878198
92,1,0.93,414.9209589958191,1400.3059706687927,7.024629305253642,5.042454422223722
93,1,0.94,416.5798547267914,1314.1234138011932,6.47552198444513,3.9686915359570873
94,1,0.95,413.64807987213135,2078.097754240036,10.413601850230885,3.655245578000013
95,1,0.96,412.78915095329285,10.7753643989563,16.430792135918853,25.595334836241168
96,1,0.97,412.46576714515686,32.57611894607544,16.650121441577102,25.930096032249637
97,1,0.98,409.35383033752436,82.11418223381042,32.282530226065795,
98,1,0.99,406.516129732132,45.69249725341797,93.87508266510098,
99,2,0.01,138.09447503089905,146.27593636512756,0.02173003800267656,0.10560697619131566
100,2,0.02,142.7076542377472,143.55452370643616,0.016010244192602795,0.1234023746553808
101,2,0.03,143.43543028831482,134.92793512344358,0.01378373610562811,0.12622303720730016
102,2,0.04,146.43955159187314,136.85329294204712,0.017898400337241677,0.2079500073501013
103,2,0.05,149.00160837173462,3700.369684457779,0.021937849981752047,8.470716892237489e+60
104,2,0.06,149.90893840789798,109.82061409950256,0.026994388602450466,0.10124117617311772
105,2,0.07,151.41311168670651,1117.3876657485962,0.03836602959715669,0.12309936398866034
106,2,0.08,153.19729638099668,1414.8183617591858,0.03308981500269785,0.11621324701348754
107,2,0.09,156.82788228988647,1313.913467168808,0.03445286051109058,0.11641957442410825
108,2,0.1,160.88313388824463,1235.6531829833984,0.035922182292663106,0.1173440722358333
109,2,0.11,160.19902896881104,1192.2550392150881,0.04115369062754628,0.12251739405718133
110,2,0.12,162.18217253684998,1172.6585702896118,0.04117831648430458,0.12305331965926958
111,2,0.13,166.29264354705808,1140.4785866737366,0.03400941112578255,0.11663205182643382
112,2,0.14,169.9013526439667,1122.427175283432,0.04428175861725743,0.12851647919191483
113,2,0.15,173.31821393966675,1116.1829082965849,0.05131046517040606,0.13744675521415337
114,2,0.16,174.01087021827698,1112.8742923736572,0.0489645345738878,0.13712838850633477
115,2,0.17,175.02469754219055,1108.7564914226532,0.049620059265312925,0.14048168929226149
116,2,0.18,179.4837658405304,1107.562026977539,0.046949063287301626,0.14061060011070972
117,2,0.19,180.2963011264801,1115.6715681552887,0.05182783053042378,0.147658567854673
118,2,0.2,183.51658034324646,1128.1639087200165,0.05289669262479027,0.15293985577887226
119,2,0.21,188.46533632278442,1144.467238664627,0.047698141234239454,0.15138036664472976
120,2,0.22,190.99724555015564,1143.7784957885742,0.06165925781740784,0.16905181103870243
121,2,0.23,193.8297870159149,1170.7123701572418,0.060341266455183507,0.17167488243003085
122,2,0.24,194.9297556877136,1177.6003966331482,0.05532278636165682,0.17065588253597078
123,2,0.25,199.06704425811768,1200.915030002594,0.06311505685332382,0.18268584600840876
124,2,0.26,201.8567314147949,1222.5244936943056,0.06564685785098133,0.1893568020622285
125,2,0.27,205.4062798023224,1249.1437895298006,0.06263528603852998,0.19082765620050388
126,2,0.28,210.95730590820312,1261.8370649814606,0.054759132395458945,0.18720459567499853
127,2,0.29,216.82670402526853,1279.975019454956,0.06005127611676326,0.1969720353996165
128,2,0.3,216.55149602890012,1301.5379531383514,0.0703704772147806,0.21191715196785993
129,2,0.31,221.06914019584656,1333.8999812602995,0.05995903822128822,0.2060309391816761
130,2,0.32,224.61710619926453,1362.321370601654,0.06502654403272486,0.2155979770180088
131,2,0.33,227.36222720146182,1397.9876246452332,0.058316959688018866,0.21338847180600895
132,2,0.34,232.79103016853333,1408.343997478485,0.06699648895292298,0.22652001091699034
133,2,0.35,237.29569792747498,1442.6646602153778,0.06246942462876755,0.22643401414609599
134,2,0.36,243.31996130943298,1469.089010477066,0.08043697306514855,0.24877939315384667
135,2,0.37,248.15564227104187,1494.222694158554,0.06354776856323492,0.23616976701379883
136,2,0.38,252.00550603866574,1531.3638002872467,0.05734859894129769,0.2340035761784988
137,2,0.39,260.5730042457581,1568.4540271759033,0.07211726340078149,0.25318147990969225
138,2,0.4,265.9840989112854,1610.8907718658447,0.07250356349680454,0.25762497820963653
139,2,0.41,272.2120077610016,1649.1658976078033,0.06082260967062297,0.24958122439407418
140,2,0.42,277.78259468078613,1677.1632792949677,0.06922115280614553,0.2620393016223895
141,2,0.43,285.95769762992865,1743.26447057724,0.060960642960525106,0.25759136409333877
142,2,0.44,294.06821489334106,1783.7611238956451,0.06900925124362475,0.2694137952308775
143,2,0.45,302.551614522934,1828.8329911231995,0.05684097890600883,0.25910478313893753
144,2,0.46,312.54195690155035,1867.3692631721494,0.06441201219591695,0.27142769642938197
145,2,0.47,316.54154586791987,1916.0317964553835,0.06511660491809813,0.27552544278763996
146,2,0.48,328.2496447563172,1955.6518592834475,0.0678453212887832,0.281297365505917
147,2,0.49,337.18407130241394,2004.418114423752,0.05648384356836123,0.27235217208086293
148,2,0.5,347.9311373233795,2018.4451320171358,0.06950261892002027,0.28903108654647663
149,2,0.51,361.48616647720337,2048.617031097412,0.07097038383180021,0.2929669445629287
150,2,0.52,372.1610307693482,2062.514083623886,0.042377326293718695,0.26553651505777187
151,2,0.53,386.0657424926758,2088.7097232341766,0.07196626139838616,0.29699304120682124
152,2,0.54,395.17231845855713,2106.9236199855804,0.07582735481536677,0.30577142556816517
153,2,0.55,406.5347874164581,2108.4726061820984,0.06951409068714932,0.3006851645030483
154,2,0.56,417.0115339756012,2124.290822744369,0.054988790514150274,0.2878787419700402
155,2,0.57,427.4480154514313,2123.655290365219,0.04988545214517567,0.28465300559622975
156,2,0.58,435.0372586250305,2141.662687778473,0.08886931680260633,0.3285048721135419
157,2,0.59,441.42899322509766,2143.8252136707306,0.06274687111641603,0.3020707712521819
158,2,0.6,448.21957325935364,2162.6433882713322,0.07694852271833667,0.32098980786202874
159,2,0.61,630.179723739624,2137.771020412445,0.06536826386496382,0.30975569470083647
160,2,0.62,626.5990293025969,2137.057994365692,0.06215503866564024,0.307608123274432
161,2,0.63,631.7076346874238,2140.8665347099304,0.05800447434618473,0.2962724909202996
162,2,0.64,629.312486410141,2142.0285727977757,0.07797853926515017,0.32538394625329914
163,2,0.65,626.0520377159119,2130.8157589435573,0.0720302039006634,0.3217033306681105
164,2,0.66,628.2315475940703,2117.3869488239293,0.0691630309922578,0.3268987470568811
165,2,0.67,629.0091247558594,2127.838428258896,0.059026296658149624,0.30819146316344426
166,2,0.68,627.5338418483734,2098.5434029102325,0.07764399431436506,0.3373784582795689
167,2,0.69,624.7051885128021,2048.66907787323,0.0788957606110373,0.3485743930772256
168,2,0.7,623.1123540401459,2038.381772518158,0.1119065235989016,0.38478752515629355
169,2,0.71,626.1341323852539,2023.6862511634827,0.06183183204488913,0.3329009546373726
170,2,0.72,632.4629099369049,1973.624173164368,0.06308865462041886,0.33674346708282016
171,2,0.73,637.7698574066163,1958.2632298469546,0.09296712656927937,0.36264725667165
172,2,0.74,633.0317835807799,1944.2437455654144,0.1032617752202433,0.3965990494512491
173,2,0.75,634.6961240768433,1926.7491211891172,0.08601741926459944,0.3829154404730051
174,2,0.76,632.0454151630403,1932.1343472003934,0.08093169563376301,0.39667294313851514
175,2,0.77,632.2079658508302,1942.2854437828064,0.0812622755527935,0.4162471507151204
176,2,0.78,638.6195597648622,1928.551068544388,0.09050324243942369,0.4348622498046815
177,2,0.79,632.9330384731293,1933.0749311447144,0.10620596901643581,0.4691243660788786
178,2,0.8,630.7457115650178,1941.1819386482239,0.06906381016121109,0.4452185394659982
179,2,0.81,631.8132717609407,1956.5511770248413,0.0915355586382317,0.4720011201787009
180,2,0.82,635.6267879009248,1949.398162126541,0.053015173791617694,0.4187736177832164
181,2,0.83,636.8464677333833,1968.8483669757845,0.11140892772861101,0.520899483044313
182,2,0.84,633.9886672496797,1982.839521408081,0.09447926940017787,0.5271257577664007
183,2,0.85,636.3250458240509,1972.0895721912384,0.11751288515616727,0.5238763678093529
184,2,0.86,633.6991093158723,1962.498831510544,0.15044977000814083,0.6433666040692019
185,2,0.87,632.9158506393433,1949.5557436943052,0.1644126671904736,0.6351383082326949
186,2,0.88,635.8168504238129,1901.9358961582184,0.11343980522346728,0.5642949705808861
187,2,0.89,634.8159892559053,1833.5531401634216,0.2337119771018664,0.5924288756626279
188,2,0.9,631.9825468063353,1738.2846777439115,0.3780468064210913,0.38608752326246754
189,2,0.91,637.5826070308685,1598.1875841617584,0.5389754609218311,0.4856697185237382
190,2,0.92,633.709356546402,1422.598879814148,0.7513310620534606,0.384437622401902
191,2,0.93,639.9255547523499,1268.1576020717619,1.1211442743394588,0.7797391620047758
192,2,0.94,631.6123185157776,1203.2462739944458,2.322185778163696,1.7986914740907947
193,2,0.95,634.8281481266023,1763.0579957962036,1.7046511333694017,1.6224165593645576
194,2,0.96,632.8036580085753,11.414849758148193,2.9311618155273327,10.786386883330543
195,2,0.97,637.3908116817473,35.06295657157898,5.631845817578058,13.87102218906017
196,2,0.98,638.5120782852173,83.27158737182617,15.782532139262864,
197,2,0.99,639.4317803382874,46.17656135559082,33.450418438619636,
198,3,0.01,461.2049708366394,73.20256161689757,0.027312148881200864,0.06003466494610827
199,3,0.02,466.02636337280273,82.18746066093446,0.02588446661770944,0.05270579199720059
200,3,0.03,463.2626233100891,93.34705424308777,0.012515841264228129,0.04064216838782847
201,3,0.04,505.4356851577759,104.33971643447876,0.023179351041367095,0.026164258215821835
202,3,0.05,477.10188674926763,116.1696298122406,0.02640345954592582,0.03167953968404207
203,3,0.06,475.05561900138855,131.11848855018616,0.0302278720436025,0.0313709323945748
204,3,0.07,487.1200008392334,150.8829345703125,0.03983262659056146,0.049775825713221644
205,3,0.08,473.0672221183777,176.74472188949585,0.04203362365428319,0.060512410809520606
206,3,0.09,474.64083170890814,208.66742849349976,0.03949374926454719,0.0695472866917225
207,3,0.1,482.5275001525879,255.1634213924408,0.03929658389275078,0.07929691182245296
208,3,0.11,480.5267779827118,326.89843106269836,0.04083662298679405,0.09062887364435639
209,3,0.12,487.65612363815313,470.8582329750061,0.05538104401541558,0.11416841230231171
210,3,0.13,485.9620382785797,796.3321402072906,0.0456957447768386,0.11271564114114037
211,3,0.14,503.2933764457703,884.5869243144989,0.05631809414506444,0.13200480236714093
212,3,0.15,487.5162637233734,916.8634445667267,0.05242754418866651,0.13601127000598626
213,3,0.16,491.7879004478455,948.6686761379242,0.053687290146736386,0.14489076647556817
214,3,0.17,497.20153737068176,956.970282793045,0.056495938864926584,0.15493562397435162
215,3,0.18,972.2294199466704,977.8437218666077,0.05533771652475954,0.16094298675109428
216,3,0.19,502.5227382183075,994.2639105319977,0.05826463715567142,0.1709923352766302
217,3,0.2,498.6727223396301,1010.2183258533478,0.06421404638048767,0.18408951527924275
218,3,0.21,510.4761302471161,1016.731410741806,0.06487851119784217,0.19157793768027837
219,3,0.22,593.7150549888612,1028.738713264465,0.061076404786995865,0.19476435512930684
220,3,0.23,511.64499258995056,1047.7888414859774,0.07124660670767295,0.21176960049630808
221,3,0.24,523.96852850914,1054.9930424690249,0.0703138750820555,0.21758088238816356
222,3,0.25,520.4720997810364,1061.2622339725494,0.06948207394737196,0.22350553117392238
223,3,0.26,534.7022399902344,1089.8046295642853,0.06372060185671169,0.2244637736216241
224,3,0.27,614.3186202049255,1092.0242545604706,0.06860820560416958,0.2360270284920975
225,3,0.28,521.8735406398773,1101.2703549861908,0.06658777507678205,0.24071247396895323
226,3,0.29,576.3165068626404,1107.237146615982,0.07880282810440437,0.2595785231392604
227,3,0.3,528.4399540424347,1120.3443269729614,0.0719945305079802,0.25939878291744856
228,3,0.31,547.0322082042694,1141.9226050376892,0.06837771386290198,0.26237809001994405
229,3,0.32,532.1047492027284,1150.3393800258634,0.07211856702634,0.2726842366774342
230,3,0.33,535.4905278682709,1165.9837739467619,0.06912527433211477,0.2762159459096361
231,3,0.34,551.8681433200836,1185.4036972522736,0.0744607865103526,0.28802994443187696
232,3,0.35,540.654887676239,1184.9054718017578,0.07236781192175917,0.2922589650963485
233,3,0.36,558.5479094982147,1202.0617628097536,0.06482491046420825,0.2911053443889447
234,3,0.37,549.7109367847444,1207.0185894966125,0.07590203619854607,0.3085155448072188
235,3,0.38,558.3104157447815,1234.0759644508362,0.07262956861149286,0.3114650212610296
236,3,0.39,583.3251676559447,1253.7903778553011,0.07168712055983745,0.3166877220230822
237,3,0.4,583.9277131557466,1265.1581933498385,0.07169023248222851,0.322727411338759
238,3,0.41,594.0817270278932,1281.5695147514346,0.06796301922756563,0.3249625236903087
239,3,0.42,559.2170393466951,1297.8509750366209,0.07337594668569071,0.33622010786284634
240,3,0.43,568.1961011886598,1317.5134205818174,0.06431116277070525,0.33285591659216596
241,3,0.44,577.2765364646913,1340.8779237270355,0.07951727990937554,0.3537098603347292
242,3,0.45,594.8106958866118,1360.9285111427307,0.07961453776581356,0.35927477239086686
243,3,0.46,593.4535307884216,1384.5879259109495,0.07354003932618194,0.35849474248823127
244,3,0.47,574.9588000774384,1397.2945156097412,0.05946867775046755,0.34951814830026906
245,3,0.48,595.8429164886476,1427.991115808487,0.06295874360580386,0.35820639253259073
246,3,0.49,584.1394004821777,1437.2117838859558,0.0777989526472591,0.37811851773744454
247,3,0.5,594.7202978134155,1475.5794081687927,0.07012120840528092,0.37532109870275593
248,3,0.51,599.4151337146759,1491.8230764865875,0.07023265765551029,0.3801330356859744
249,3,0.52,596.6360096931458,1539.7368907928467,0.07799956326773509,0.3924694004745406
250,3,0.53,600.5570721626283,1562.1150901317596,0.07242468682148452,0.39135373641675986
251,3,0.54,614.3889276981354,1596.4268038272858,0.08144788223095452,0.4046650099181557
252,3,0.55,605.8820679187775,1622.4945538043976,0.08005650060518824,0.40750799300045104
253,3,0.56,611.9769954681396,1661.462381362915,0.07882947270650241,0.4103807900983772
254,3,0.57,620.5352861881256,1691.4942722320554,0.07596280479587757,0.4115612945033813
255,3,0.58,623.0624775886537,1715.4954268932345,0.05860675678026846,0.3981334792653354
256,3,0.59,625.1893367767334,1719.1017682552338,0.07231703753228776,0.4156939378805781
257,3,0.6,637.3679957389833,1737.9254822731018,0.0750369418473238,0.4221585552927228
258,3,0.61,640.634984254837,1742.754069328308,0.08970461040700153,0.4407630022921653
259,3,0.62,640.4479293823242,1742.6505596637726,0.08053365970737832,0.4353027878434888
260,3,0.63,643.9854955673218,1750.0692772865295,0.08425514106168973,0.44320840974340714
261,3,0.64,660.4804685115813,1765.6593370437622,0.06640071346695318,0.42766365244648513
262,3,0.65,675.6882665157317,1741.5776755809784,0.07569777273227286,0.44235578295019023
263,3,0.66,917.2017521858216,1759.1292538642886,0.09549287951005486,0.4657785367676054
264,3,0.67,915.3861303329468,1777.2306344509125,0.06713525187967735,0.4427458306300345
265,3,0.68,901.6352126598358,1750.992003917694,0.08821911740730448,0.46777368659481383
266,3,0.69,915.4578948020936,1754.5037958621979,0.08695991934877537,0.4733088447562042
267,3,0.7,912.3654754161836,1752.472166776657,0.07554114723652675,0.4661502488998612
268,3,0.71,909.2319333553314,1762.2752401828766,0.07707699768514693,0.4738086481452514
269,3,0.72,906.3174071311952,1765.9362654685974,0.08842893018675924,0.4916742450296404
270,3,0.73,915.1325132846832,1746.4975259304047,0.08763238497304875,0.49668785953093164
271,3,0.74,910.0910155773164,1769.833839893341,0.07666146292127836,0.48503100368993884
272,3,0.75,910.373211145401,1764.6275129318235,0.07448406229794942,0.4952184141814901
273,3,0.76,904.7305295467377,1756.6907804012299,0.10355778304237395,0.5391423079258191
274,3,0.77,913.271106481552,1746.414260149002,0.07067818248323614,0.5002653232170725
275,3,0.78,911.033101081848,1758.3538818359375,0.0837355586727113,0.5453860044580643
276,3,0.79,902.4046165943146,1754.3724265098572,0.07690955673466376,0.5373434968264065
277,3,0.8,908.5339341163636,1771.2639243602753,0.08153516424346403,0.5462438815214251
278,3,0.81,914.408653497696,1781.4911382198334,0.10068106962707583,0.5765032418363116
279,3,0.82,907.7138335704803,1773.599539756775,0.12964141511388216,0.6445011378514681
280,3,0.83,911.0010404586792,1776.1165432929993,0.11624834611375545,0.633635014895053
281,3,0.84,908.5998222827913,1772.5799436569214,0.10662665007500005,0.6307965270774656
282,3,0.85,918.1607568264008,1741.2929346561432,0.1336429062896956,0.6941824247722934
283,3,0.86,905.4009053707124,1746.2026042938232,0.0812258098428729,0.6113722369946912
284,3,0.87,909.1250665187836,1711.5885071754456,0.14387375123510032,0.7351743324354638
285,3,0.88,909.8520882129668,1705.0756978988647,0.09070759537097597,0.5881550763000246
286,3,0.89,903.6679804325104,1643.429898262024,0.104168713569759,0.5813380927191221
287,3,0.9,896.7943849563599,1554.2090935707092,0.13933614766387087,0.5987932255643336
288,3,0.91,901.948682308197,1425.7200453281405,0.10596943816523954,0.5427325516121778
289,3,0.92,890.7782530784607,1273.2205832004547,0.26982378673447144,0.4927334701717911
290,3,0.93,902.4916274547577,1160.3159182071684,0.34932752075065987,0.4550809356032954
291,3,0.94,906.2014999389647,1107.8965919017792,0.2808903090520986,0.8333897986495097
292,3,0.95,904.7460062503816,1545.7381613254547,0.4593806765244143,1.1933283040757399
293,3,0.96,896.7478542327881,11.636308670043945,2.012326125854067,8.742018580803656
294,3,0.97,900.8904871940613,38.706940412521355,5.143511186724031,12.439925389980806
295,3,0.98,895.0025305747986,84.59355640411377,8.994498176169193,
296,3,0.99,899.2359983921051,46.46321201324463,16.98545399350832,
297,4,0.01,2509.798801422119,148.8812825679779,0.02115611398901737,0.10658402199326002
298,4,0.02,2534.7012403011317,139.89228749275208,0.018897742604053032,0.11333401472672719
299,4,0.03,2529.789123535156,132.4013271331787,0.011936816772102263,0.1392274071574723
300,4,0.04,2506.6795871257777,3617.743526697159,0.01891543984109052,5.6023690906299643e+110
301,4,0.05,2480.2571325302124,1199.5692620277405,0.0229933055713171,0.0829165675122721
302,4,0.06,2456.516388177872,1264.869395494461,0.027758927195713757,0.08457988308275628
303,4,0.07,2451.614506483078,1142.3746237754822,0.030390067883082593,0.08865181144782099
304,4,0.08,2461.367697238922,1070.408700466156,0.02894154421904573,0.08831752247705468
305,4,0.09,2477.438154459,1027.0527348518374,0.03997844606275555,0.10177048828173332
306,4,0.1,2477.95196390152,1005.1770176887512,0.04185676780385391,0.10705661795741644
307,4,0.11,2457.8852562904362,981.3532493114473,0.0368856888512453,0.10640722267218976
308,4,0.12,2473.340388536453,971.0047743320464,0.045870819592824484,0.12040687841463904
309,4,0.13,2458.005687236786,963.9162483215332,0.05516126897134168,0.1352973881044081
310,4,0.14,2451.165626287461,966.332444190979,0.053074266386799386,0.13879061220636885
311,4,0.15,2457.240114212036,963.4004468917848,0.051841376146395744,0.1443581810215291
312,4,0.16,2476.1256322860722,975.3504548072816,0.05816637156470693,0.15748808676784515
313,4,0.17,2468.964055776596,972.2555108070374,0.062381325702844354,0.1686207350877023
314,4,0.18,2455.163816690445,984.5226974487304,0.06254009633611378,0.17606016498068988
315,4,0.19,2462.523856878281,991.2470345497132,0.06068254125137955,0.18152320557255358
316,4,0.2,2476.457791805268,1006.400589942932,0.06357793165166317,0.19194841278254274
317,4,0.21,2452.9535372257237,1017.9665193557739,0.06769464683865556,0.20370461348667646
318,4,0.22,2466.9245131015773,1020.6282322406768,0.06942987686727134,0.2132323295797638
319,4,0.23,2487.093408823013,1025.8329093456266,0.0703034412865593,0.22193904934250014
320,4,0.24,2491.3774664402013,1046.3471446037292,0.07277188236887465,0.23231448918569222
321,4,0.25,2470.1664218902592,1046.5489869117737,0.06817663519593303,0.23569589591937296
322,4,0.26,2497.537530422211,1063.4695596694946,0.0681541662097015,0.24359998971852528
323,4,0.27,2473.0050361156464,1074.6021230220797,0.07219511741266019,0.2556159716365461
324,4,0.28,2448.1788227558136,1085.789570569992,0.07129640623343086,0.263020266031671
325,4,0.29,2424.7145104408264,1087.76895070076,0.06872656352295764,0.26858259221426595
326,4,0.3,2436.509944677353,1097.263880968094,0.0703949607083474,0.2781967495059632
327,4,0.31,2429.998666524887,1105.684647321701,0.06956898861820462,0.28572311093594266
328,4,0.32,2444.9200203418727,1125.914144039154,0.06946873994986648,0.2937868628719986
329,4,0.33,2433.7891218662257,1124.5179588794708,0.06950115261253516,0.30195388971821857
330,4,0.34,2441.2575504779816,1148.391449213028,0.0696570843386428,0.3102003565741731
331,4,0.35,2446.540683269501,1152.2778596878052,0.06888160289352488,0.3175214338790793
332,4,0.36,2453.6974184513087,1158.3280115127566,0.07227615645326854,0.3290086018907587
333,4,0.37,2448.9694728851323,1171.936375617981,0.06709507524192013,0.33183009417198717
334,4,0.38,2445.6091482639317,1182.470112800598,0.0695234823069152,0.34219778084342706
335,4,0.39,2468.837407588959,1199.1294462680814,0.06288240984046978,0.34341494698254876
336,4,0.4,2460.437078714371,1208.66055893898,0.06605206970657626,0.3543650549346882
337,4,0.41,2450.339721441269,1231.0224664211273,0.06327951663828169,0.3592776881493917
338,4,0.42,2455.903982162476,1231.9468426704407,0.06513127212035061,0.3687295705533882
339,4,0.43,2454.0282430648804,1239.7777619361875,0.061629599161397874,0.3726268692504391
340,4,0.44,2487.445738554001,1255.2379455566404,0.0648991515671202,0.38308784641548943
341,4,0.45,2455.307826757431,1260.9161579608915,0.06640444740663684,0.39202613573351514
342,4,0.46,2468.407597541809,1286.261953830719,0.06570583896943086,0.3983086354989328
343,4,0.47,2469.363891363144,1300.4262411594389,0.06082550458995959,0.40036745842687566
344,4,0.48,2472.8660488128658,1317.3192689418793,0.06286541024525201,0.40924556417920654
345,4,0.49,2463.812866449356,1321.6605577468872,0.05740449027714236,0.4103708024604687
346,4,0.5,2483.833453893661,1342.4653272628786,0.05827496614184472,0.41768598419883274
347,4,0.51,2459.2690341472626,1358.9694023132326,0.06533938529878451,0.43100976764115745
348,4,0.52,2462.782273769379,1377.9708437919614,0.05584655096288092,0.4274488256837657
349,4,0.53,2454.618379354477,1411.4384381771088,0.06694642580191473,0.44461095101783443
350,4,0.54,2452.4233565330505,1428.2482883930206,0.05864694610678793,0.44204979193327104
351,4,0.55,2460.45360994339,1427.789562702179,0.06171274763422556,0.45065503644532756
352,4,0.56,2485.076028585434,1451.7508735656738,0.06408621165251949,0.45845532433867164
353,4,0.57,2489.8104484081273,1477.5228888988495,0.0613691197627424,0.4609854908885467
354,4,0.58,2482.950555801392,1499.770678281784,0.06480657097721954,0.46952556283210994
355,4,0.59,2480.0596673488612,1517.0185964107513,0.05993117980518392,0.4695490040663675
356,4,0.6,2485.919455766678,1534.9663138389587,0.054580522577796844,0.469078919040264
357,4,0.61,2495.47180390358,1543.1813337802887,0.06663136017292118,0.48595818794142037
358,4,0.62,2489.6429839134216,1553.2473030090332,0.06673076976101078,0.4907609238677773
359,4,0.63,2443.0070598125462,1567.315144777298,0.0674059821683252,0.49608129420148434
360,4,0.64,2463.7833070755005,1568.7233662605286,0.06875581247505898,0.5021282204717228
361,4,0.65,2451.250534534455,1574.7864208221436,0.05339323752713966,0.49135469028351936
362,4,0.66,2481.5895903110504,1588.5422270298004,0.06127090440921416,0.5040787449046725
363,4,0.67,2452.733407020569,1588.7238919734955,0.0676841982352413,0.5155000539984346
364,4,0.68,2475.239940881729,1596.4706361293793,0.07870067697970119,0.5316701368002535
365,4,0.69,2467.570694208145,1582.0896108150482,0.060853170568120465,0.5191833186609927
366,4,0.7,2471.766082525253,1604.076152563095,0.07228783815669815,0.535990629444618
367,4,0.71,2628.0659782886505,1591.6455516815186,0.07814910265972172,0.5481657944421289
368,4,0.72,2620.150856733322,1584.020351409912,0.06785874557051536,0.5446943458737781
369,4,0.73,2645.4872586727147,1595.0534834861755,0.06724343908717487,0.5513531305861187
370,4,0.74,2627.1010038852687,1586.1700484752655,0.07235807380916646,0.5641105868453761
371,4,0.75,2630.226274728775,1594.9078130722046,0.09090060818920682,0.5916594292811408
372,4,0.76,2626.263110160828,1583.0290703773499,0.1054858127815941,0.6160290737768416
373,4,0.77,2655.123188257217,1588.792207956314,0.07329070622642028,0.5919997374431795
374,4,0.78,2653.4477791786194,1578.3245623111725,0.07426728570781249,0.6039387682273913
375,4,0.79,2643.458734035492,1583.1425828933716,0.10109770178892713,0.6448925022420263
376,4,0.8,2650.2096803188324,1600.448724746704,0.07561526529557118,0.6284375102208373
377,4,0.81,2619.314990520477,1587.5704774856567,0.07834142034526673,0.6413069771162714
378,4,0.82,2650.389893770218,1569.891545534134,0.06466413170154321,0.6367899165009051
379,4,0.83,2638.1105177402496,1541.8168852329254,0.06234505790294097,0.6504262042737807
380,4,0.84,2622.566059827805,1560.2576298713684,0.093750798248874,0.707947236647754
381,4,0.85,2635.56798362732,1550.7725534439087,0.08337089267811074,0.6729867158520095
382,4,0.86,2636.1601865291595,1526.6187946796415,0.09546763372827374,0.7404826912921649
383,4,0.87,2603.728706598282,1506.321928024292,0.09817125517280395,0.7246473303614843
384,4,0.88,2644.7935400009155,1483.8374795913696,0.10721043093060972,0.6911643055652226
385,4,0.89,2612.27347111702,1437.425871372223,0.10906023654584447,0.7267178512547675
386,4,0.9,2620.6357741355896,1391.0598239898682,0.15671076670456865,0.6721487215099058
387,4,0.91,2650.8053948879237,1302.925092458725,0.16381501219189532,0.6543116890607702
388,4,0.92,2650.042115688324,1193.1744186878204,0.21429192548337553,0.6234753100393691
389,4,0.93,2632.0047144889827,1071.7612614631653,0.5245254984760139,0.4501414937697399
390,4,0.94,2619.9020988941197,1024.3643984794617,0.463653683484362,0.7417727145531415
391,4,0.95,2642.271186828613,1377.225700378418,0.8331919600711956,1.114760063386306
392,4,0.96,2634.64652633667,11.937464237213135,2.050812701477818,6.548132207298831
393,4,0.97,2619.591899394989,48.56358623504639,2.6695435549322433,7.2546971532826525
394,4,0.98,2637.9875988960266,82.53478121757506,7.858280055287029,
395,4,0.99,2635.1003341674805,45.38189125061035,18.026570242457996,
396,5,0.01,848.3311123847961,80.2207577228546,0.019109447632492567,0.09077106965963154
397,5,0.02,847.2750909328461,92.1327908039093,0.018124886695831594,0.0453877498758701
398,5,0.03,844.9391026496887,109.78746724128723,0.01683351725704671,0.02052682992403065
399,5,0.04,842.3754558563232,129.69949173927307,0.013408860599457813,0.018112362742029472
400,5,0.05,845.0033702850342,158.75104784965515,0.024227361672707462,0.030488734815611648
401,5,0.06,845.1598427295685,194.66675543785092,0.022834385982429508,0.038519353248139716
402,5,0.07,847.646585226059,249.86185693740845,0.02977312675711274,0.05630060173326851
403,5,0.08,846.7593033313751,335.8653857707978,0.03569110010612988,0.0722007858713578
404,5,0.09,848.225748538971,515.1548821926117,0.031791976642053424,0.07711361052732478
405,5,0.1,846.2739460468292,832.2759177684784,0.049332585983690454,0.10297329039675004
406,5,0.11,846.1770582199098,883.2662317752838,0.042022426405643645,0.10399667109662958
407,5,0.12,841.5166153907776,903.3152723312378,0.047825702797305074,0.11748287489683977
408,5,0.13,847.8576033115387,917.7540004253387,0.04857773267270009,0.12551491900138256
409,5,0.14,843.8302335739136,931.320519208908,0.04909984464134194,0.13370221652546851
410,5,0.15,843.8700215816498,948.65691280365,0.056907331771416825,0.14921639517767527
411,5,0.16,847.3013300895691,957.1556351184844,0.05996803600685681,0.15985750085109773
412,5,0.17,850.6259517669678,961.8277490139008,0.06674939294919804,0.17433935389887517
413,5,0.18,858.4046697616577,968.7323644161224,0.06110313191336401,0.17645526676274942
414,5,0.19,849.750492811203,983.0780837535858,0.06573267576737958,0.18901406090889253
415,5,0.2,852.1796252727509,981.8578851222992,0.06844297861624316,0.19975586000496648
416,5,0.21,852.3701212406157,1000.257213830948,0.06715584639656169,0.20662842340890636
417,5,0.22,848.9456782341002,998.4255623817444,0.06672898747872776,0.21448083394911804
418,5,0.23,853.8115124702454,1014.9228079319,0.06884474361172607,0.22501596381619443
419,5,0.24,849.814220905304,1016.7840189933777,0.0711478744399215,0.23584975077745107
420,5,0.25,855.0186476707457,1037.7543091773987,0.07253044456211032,0.24587688125486273
421,5,0.26,856.3660457134247,1031.776336669922,0.07058693370156557,0.2526689959382727
422,5,0.27,856.9911692142488,1038.3364129066467,0.07250899304038072,0.2634571733880781
423,5,0.28,855.4323573112488,1051.0148077011106,0.07140131046521138,0.27127500565979623
424,5,0.29,858.0022184848785,1051.365050315857,0.0733042613518757,0.2822148895560394
425,5,0.3,854.435024023056,1068.0911650657654,0.07168078332292112,0.2896833790108841
426,5,0.31,858.8297786712646,1080.527987241745,0.07536702757670312,0.3025547950636755
427,5,0.32,861.0539689064026,1087.879204273224,0.07107790220919308,0.30748479599773304
428,5,0.33,864.2783980369568,1104.4445495605466,0.06854122601202788,0.31421520486699045
429,5,0.34,857.3966953754425,1112.0869500637054,0.07081639562350049,0.3257690288643245
430,5,0.35,859.5776345729828,1118.3212785720823,0.06874402816568534,0.3329139192267498
431,5,0.36,862.0527808666229,1126.0241689682007,0.06743967109868501,0.3410372123476597
432,5,0.37,857.8240246772766,1140.8612439632413,0.06795587881899148,0.3508393853106368
433,5,0.38,866.780558347702,1150.156193733215,0.061679793161435445,0.35388744900463254
434,5,0.39,863.2575216293335,1159.762943983078,0.06559021956314438,0.3670592825217349
435,5,0.4,864.888721704483,1167.1801805496214,0.05959026729254969,0.3702898871130519
436,5,0.41,867.9790906906128,1181.6172337532046,0.060798586629511854,0.380656370330386
437,5,0.42,873.61687541008,1181.7864999771118,0.058799762594282025,0.38771507385765375
438,5,0.43,868.064742565155,1197.5491292476656,0.06157581244497875,0.3995107280886039
439,5,0.44,870.8882825374602,1211.5763161182406,0.05514820676065023,0.4019708748859725
440,5,0.45,868.5287945270537,1226.0616166591644,0.05748906656430453,0.4130690522273123
441,5,0.46,868.9396328926086,1235.0146577358244,0.051171495766051615,0.4153752423714602
442,5,0.47,867.8185424804688,1251.4951405525208,0.05549858796456192,0.42822277811429743
443,5,0.48,871.7967019081116,1252.9226801395414,0.054611520281724245,0.4355514551755505
444,5,0.49,874.5921587944031,1269.5913524627686,0.047500369704626455,0.4365826129160817
445,5,0.5,872.8553056716919,1274.664333343506,0.05386385430717535,0.4510739750308562
446,5,0.51,872.9584279060364,1296.4315993785858,0.042461300068838026,0.4473381990183914
447,5,0.52,876.485023021698,1314.9196927547455,0.045834600245674297,0.4583423861588801
448,5,0.53,874.3966302871704,1316.8998527526855,0.0502078570369164,0.47017053543030257
449,5,0.54,868.8379118442535,1333.6078019142149,0.04944393742513396,0.47656864079081745
450,5,0.55,874.3878610134125,1344.5191292762754,0.047473374292840695,0.4815401728601154
451,5,0.56,878.8108263015747,1360.5506591796875,0.04972372627595693,0.49034414757271977
452,5,0.57,877.1469392776489,1389.614156961441,0.04358355834252995,0.4908830217831682
453,5,0.58,878.0561304092407,1398.00302028656,0.04380102592316714,0.4973970268688271
454,5,0.59,879.2264308929442,1424.3601870536804,0.043171064360836446,0.5028557332294734
455,5,0.6,882.9637150764465,1423.2311263084412,0.041462087003379666,0.5070405742958407
456,5,0.61,884.0371723175049,1434.1720101833344,0.049060204015144875,0.5203537656951044
457,5,0.62,886.835972070694,1438.9057824611664,0.04861430546326725,0.5254584429279945
458,5,0.63,886.3377661705017,1447.3373413085938,0.04050878181896025,0.5227198878304629
459,5,0.64,885.239497423172,1454.8084166049955,0.04691550752910187,0.5345084530714576
460,5,0.65,885.2110838890076,1456.5208194255829,0.045842253123885096,0.5386632298811149
461,5,0.66,888.3435161113739,1457.164999961853,0.04220879572191818,0.5402832420101367
462,5,0.67,888.0418155193329,1460.4660112857819,0.04299195387252681,0.5462441163695542
463,5,0.68,893.5388059616089,1455.5150139331818,0.034181212037916575,0.5426326166158622
464,5,0.69,889.2906622886658,1458.4827604293826,0.05390703042620706,0.568091260899583
465,5,0.7,893.1180686950684,1458.0289318561554,0.054516940073681686,0.574436938739582
466,5,0.71,893.769802570343,1456.7557785511015,0.037724923758924354,0.5632509591887117
467,5,0.72,982.2802731990814,1445.5346348285675,0.045101411655151226,0.5775196234174871
468,5,0.73,988.7937748432159,1453.2264120578766,0.056188687495499164,0.5955022236311256
469,5,0.74,984.0288021564484,1450.997709274292,0.02903836471848369,0.5753737149740397
470,5,0.75,996.2818992137908,1449.7134795188904,0.05518177235648009,0.6105556486917193
471,5,0.76,983.168163061142,1449.6308827400208,0.04987114942668353,0.6143911522562422
472,5,0.77,986.6381442546844,1443.3191487789154,0.04590717716103139,0.6212732584128753
473,5,0.78,988.434818983078,1436.158075094223,0.04658022921856931,0.6321277806860132
474,5,0.79,987.8060102462767,1433.729870557785,0.06389908226843806,0.6643835297392806
475,5,0.8,989.7824716567993,1430.264951467514,0.047091486452718795,0.6596149400700727
476,5,0.81,988.1476247310637,1450.2868449687958,0.04585675162382399,0.673922262631462
477,5,0.82,985.5070550441742,1442.9613709449768,0.06746080329912603,0.7131782888734469
478,5,0.83,996.525717496872,1445.0599448680878,0.07139791732766267,0.7394265830661919
479,5,0.84,981.711079120636,1440.6830596923828,0.0450856177882163,0.7144852235733435
480,5,0.85,994.88050532341,1453.2449266910553,0.05869558431659189,0.764529290923365
481,5,0.86,986.8930051326753,1440.560345172882,0.04591093780766054,0.7426347767132668
482,5,0.87,980.185301542282,1442.352617263794,0.09555958552073043,0.7270000785552114
483,5,0.88,984.4190983772278,1410.930666923523,0.0764192561991821,0.7838497837332955
484,5,0.89,987.8417539596558,1374.3051040172575,0.1780109577671782,0.73249074670788
485,5,0.9,987.2627418041228,1309.2908248901367,0.3375841512588535,0.6539258836884912
486,5,0.91,985.403875350952,1220.6064875125885,0.36186588304048356,0.7008029527938179
487,5,0.92,979.4465265274048,1110.435605287552,0.5629766393676735,0.6453944499520929
488,5,0.93,989.693771123886,1008.4907240867616,0.7021006437374664,0.661328622448884
489,5,0.94,979.8881747722626,967.7160134315492,1.2636805725388867,0.5856466031184213
490,5,0.95,990.6658177375792,1287.4638702869415,1.6544110510120111,0.9475895989462327
491,5,0.96,994.9689512252808,12.71786880493164,2.790662151495446,5.514028754621706
492,5,0.97,989.6200234889984,72.2862777709961,4.6249473172013635,7.149468600558507
493,5,0.98,992.1043915748596,84.60106420516969,6.465579768280731,
494,5,0.99,986.50892496109,47.0354654788971,14.240975466355952,
495,6,0.01,754.4987442493439,150.99576258659363,0.008889837031241158,0.09095841938285418
496,6,0.02,756.8208298683168,135.5536234378815,0.02476203693403459,0.10627610107537683
497,6,0.03,751.6351778507233,3676.575070619583,0.017268768884378654,2.4543944717317763e+59
498,6,0.04,752.9472303390503,1235.7978615760805,0.020806756635696012,0.06718223243863675
499,6,0.05,753.3301675319673,1200.4833164215088,0.022786425270855802,0.06769091683067002
500,6,0.06,751.661504983902,1077.9050555229187,0.026879997284133053,0.07129792820399955
501,6,0.07,758.5630769729614,1009.7457644939424,0.026858705879009206,0.07321989336830448
502,6,0.08,756.5302691459656,966.2936911582947,0.03238605869076663,0.08218901562358606
503,6,0.09,757.022180557251,948.0691654682159,0.0395460838107496,0.09392949181123529
504,6,0.1,753.3778529167175,938.6290593147278,0.039823680415666515,0.09954918266630487
505,6,0.11,755.1410577297211,941.0269286632538,0.044890840400236325,0.11029037019366587
506,6,0.12,755.914342880249,945.8876776695253,0.05122158256738187,0.12323988967368435
507,6,0.13,753.1416246891023,950.6853265762328,0.05036261955055561,0.1290533801461838
508,6,0.14,751.6757838726044,957.3211448192596,0.056705608541414744,0.14257740552957
509,6,0.15,754.0288336277008,959.197877407074,0.057504514466544844,0.15064685441658796
510,6,0.16,750.0828154087068,983.7285380363464,0.06174303276212337,0.16236530869229612
511,6,0.17,755.9260854721069,983.135303258896,0.06292618845081097,0.17112859875845232
512,6,0.18,757.4275963306427,982.2127721309662,0.06349782267059104,0.1797210583394246
513,6,0.19,759.908774137497,994.0649502277374,0.0638218478357573,0.18808993837439736
514,6,0.2,757.8988423347473,1001.6565327644348,0.06694929822612611,0.19943207589838807
515,6,0.21,758.0587816238402,1013.7345921993256,0.06784252832469972,0.20857579174611907
516,6,0.22,761.1104846000671,1013.4669823646544,0.06545866394800712,0.21489516307490283
517,6,0.23,756.4778456687927,1027.6063694953916,0.06896382241920272,0.2271038225763447
518,6,0.24,761.3046793937683,1031.4042530059814,0.07193054311549535,0.2389326382547136
519,6,0.25,757.5584692955017,1049.6392760276794,0.0694617571193139,0.24527586100926185
520,6,0.26,760.5895833969116,1044.8663589954376,0.07379132257081558,0.2589652240464176
521,6,0.27,756.552631855011,1059.3271684646606,0.07135419846362234,0.26580682083742624
522,6,0.28,761.6908915042877,1060.658280134201,0.07221439857393623,0.2761106210727805
523,6,0.29,763.3345115184784,1079.8381290435789,0.07160050291598732,0.28505309340595314
524,6,0.3,763.5459642410277,1082.7695074081419,0.07200159339670023,0.2951497108076076
525,6,0.31,770.5478858947754,1097.1213848590849,0.07094169099056044,0.30384730676103366
526,6,0.32,763.5464878082275,1102.7820732593536,0.06777738199558823,0.3106271201107635
527,6,0.33,767.5000166893005,1104.2295928001404,0.06840392706355074,0.32124521949825463
528,6,0.34,765.0718848705292,1104.097929239273,0.06602321900742507,0.32893771916463804
529,6,0.35,764.6337730884552,1115.920793056488,0.06758358226771216,0.3406465464018818
530,6,0.36,767.6609356403351,1134.8113391399386,0.06716073200229707,0.35043160324543293
531,6,0.37,771.0971267223358,1136.3374705314634,0.0639522793900969,0.35742247044918884
532,6,0.38,765.8735415935516,1145.8037791252134,0.06296272531400592,0.3667784861502734
533,6,0.39,770.0621738433838,1154.6156089305878,0.05678656524690876,0.37089510680180043
534,6,0.4,774.3070101737976,1163.960750579834,0.054435552745210225,0.3787904652846643
535,6,0.41,769.3925490379332,1173.9695861339571,0.05696643663173157,0.3917040856922718
536,6,0.42,766.7714395523071,1182.5856785774229,0.05469024110641468,0.3997067041572743
537,6,0.43,770.9470505714418,1200.5058388710022,0.0503641252880178,0.4054715233881639
538,6,0.44,767.801953792572,1205.2046463489532,0.05560549098783122,0.42101136534725714
539,6,0.45,770.2520792484282,1223.4409818649292,0.04528849958496233,0.4207973700042527
540,6,0.46,771.5733618736267,1229.7789657115934,0.04710765913647821,0.4325942298819166
541,6,0.47,773.0560057163239,1233.0727388858795,0.044414930604507,0.43979214376446835
542,6,0.48,771.9378128051758,1245.025954246521,0.04258376925993727,0.44768726564557826
543,6,0.49,773.9846754074098,1258.3049726486204,0.041732915161629,0.4563962866552318
544,6,0.5,770.8824937343597,1268.4109151363373,0.038108535964086324,0.4622409265823104
545,6,0.51,778.977769613266,1278.6222825050356,0.03852244269870476,0.47180281684233294
546,6,0.52,778.3774545192719,1292.9713077545164,0.0391225559939186,0.4815152440106006
547,6,0.53,775.1093139648438,1311.5415418148038,0.03325308460418963,0.4844685084170556
548,6,0.54,782.9451148509979,1312.821249961853,0.034572092465623865,0.4943691284054211
549,6,0.55,777.2114326953888,1324.6442265510561,0.03347767813657103,0.5016208749273625
550,6,0.56,785.6499862670897,1345.0929350852964,0.03390597672123761,0.5101389822547269
551,6,0.57,777.1688499450684,1362.7672703266146,0.026405334785681057,0.5104691335707112
552,6,0.58,777.9665126800537,1361.0328743457796,0.027626071802665048,0.5192212119676144
553,6,0.59,777.8021717071533,1384.5244536399841,0.02848509692323467,0.5274363907148694
554,6,0.6,781.0660271644592,1384.0118441581726,0.028068664243270335,0.5339974643595597
555,6,0.61,775.3594310283661,1401.9523072242735,0.0279278397096307,0.5407355237077229
556,6,0.62,781.2956881523132,1400.6403000354767,0.033438337183909976,0.5528020879862491
557,6,0.63,781.8133368492126,1401.1275177001953,0.026411550222840096,0.5521074886478727
558,6,0.64,780.706663608551,1416.8432576656342,0.02532317807497438,0.5546396606625088
559,6,0.65,782.7999541759491,1416.1049103736875,0.027930195463288517,0.5648351439153918
560,6,0.66,785.2349300384521,1409.3523604869845,0.027128635392888824,0.5600880694776023
561,6,0.67,784.9735553264618,1424.5467660427094,0.03151170075839203,0.5761230318304513
562,6,0.68,786.584888458252,1417.1446809768674,0.029786449980448867,0.5780438592779382
563,6,0.69,785.1755239963531,1407.673756122589,0.032309289932521176,0.5908187859965287
564,6,0.7,788.4520983695984,1409.4756574630735,0.035138430177743665,0.5968215453038123
565,6,0.71,790.5335569381714,1411.3399684429169,0.033203442397116145,0.5982495798373106
566,6,0.72,858.0136246681212,1400.2297174930573,0.035560328418657604,0.6098817163499769
567,6,0.73,852.9343407154083,1381.0751645565033,0.038476969035016836,0.6185232140204374
568,6,0.74,854.2114746570587,1380.8711023330688,0.03501048810204269,0.623504260787919
569,6,0.75,853.6946973800659,1385.244347333908,0.031154309536723282,0.6190317430871973
570,6,0.76,862.0649948120117,1377.6187825202942,0.039174904559916034,0.6489303022010037
571,6,0.77,858.2162895202638,1375.2830159664154,0.03464137847576192,0.6454710809342867
572,6,0.78,862.6794900894165,1364.548244714737,0.03276140590565385,0.6651496408466235
573,6,0.79,857.046777009964,1371.0907402038576,0.03106704570175083,0.6772493031565991
574,6,0.8,860.6682879924774,1361.041348695755,0.02470207066768726,0.6760290863465653
575,6,0.81,858.3345215320587,1351.8700132369995,0.022055570353862103,0.6996742271668469
576,6,0.82,858.3095421791078,1343.8203818798065,0.021985302643068732,0.7192059477960183
577,6,0.83,853.0903160572052,1343.061396360397,0.033683841794376466,0.7205248563861096
578,6,0.84,854.5563743114471,1348.093125581741,0.02522522099207801,0.7664536611193082
579,6,0.85,854.633546590805,1340.9836823940275,0.08056840698287059,0.7483813948346801
580,6,0.86,859.7889761924744,1329.7390079498289,0.10186109483309068,0.7730236762278269
581,6,0.87,853.2742841243744,1303.6137535572052,0.12394653109673448,0.8023580946085056
582,6,0.88,858.0781145095825,1269.8838243484495,0.15239799292648304,0.8339563698289504
583,6,0.89,856.7396790981293,1233.11700630188,0.2743789667287071,0.7849452114720181
584,6,0.9,848.7646293640138,1184.5700223445892,0.36255187984574494,0.7758727795960617
585,6,0.91,854.4765074253082,1120.7143924236298,0.5424720399748456,0.7019354465941362
586,6,0.92,857.9723446369171,1030.3215947151184,0.6442188370295457,0.7247358464414606
587,6,0.93,860.3977746963501,943.4505167007446,0.9924795017239352,0.617520884295092
588,6,0.94,857.2186505794525,906.6984186172484,1.2847173318941503,0.6525420659517197
589,6,0.95,854.4640576839447,1158.4196591377256,1.959345982303752,0.8243638008243889
590,6,0.96,857.2862486839294,13.075012683868408,2.663067923963025,4.622069749485525
591,6,0.97,857.6094737052917,72.94667291641234,4.0610219483751395,5.750713591924851
592,6,0.98,861.9947128295897,83.65181899070741,7.181310350596081,
593,6,0.99,866.5046133995056,46.22039103507996,10.857099132830708,
594,7,0.01,847.159731388092,83.42432856559753,0.010546748777208174,0.06890431972061137
595,7,0.02,850.550952911377,102.43200039863586,0.01489771000772314,0.028234791455477498
596,7,0.03,847.6272141933441,129.8934817314148,0.018930138125029673,0.023620433785106795
597,7,0.04,850.1169514656067,165.04379606246945,0.015684165218369166,0.020138541970377136
598,7,0.05,848.4254038333893,216.11582708358762,0.027938517822509345,0.04255121300387291
599,7,0.06,848.1617865562439,295.7070639133453,0.03175594998279608,0.056579267834672646
600,7,0.07,846.9180278778076,457.1537961959839,0.0249347306737793,0.05862142395706944
601,7,0.08,848.2066051959991,806.2476592063904,0.038910779187274515,0.08078660907468756
602,7,0.09,850.0213158130646,864.9810407161713,0.03983754793659134,0.08933304245704361
603,7,0.1,845.2044248580933,894.103182554245,0.03882280604929836,0.09575401369662352
604,7,0.11,846.9804000854492,915.7456176280976,0.04600352184835671,0.10993407764851858
605,7,0.12,845.348938703537,924.1368029117584,0.04779716689542422,0.11898248617364912
606,7,0.13,852.5121536254883,936.483776807785,0.05016245898629745,0.12849025678808765
607,7,0.14,847.4426038265227,937.7054255008698,0.05245843617243407,0.1381413588637722
608,7,0.15,852.0274374485016,950.1134798526764,0.050815072970738076,0.14376111043093548
609,7,0.16,855.5956463813782,953.0237095355988,0.0606311339179193,0.161337911733224
610,7,0.17,846.537175655365,964.948682308197,0.06335636284591496,0.1718905301625597
611,7,0.18,852.1387650966644,979.2690999507904,0.06525420317321612,0.1817314624269232
612,7,0.19,844.7633428573607,986.2242679595947,0.0644900598527261,0.18914438462640754
613,7,0.2,849.018705368042,988.0208265781404,0.061347964177219105,0.19425454831014782
614,7,0.21,847.4016797542572,1008.3990125656128,0.06790781328903414,0.2093692732697665
615,7,0.22,857.4229803085327,1013.3159613609314,0.06835128633992583,0.21845642502895565
616,7,0.23,850.4670503139496,1016.0571553707124,0.07127191759506747,0.2303067182031252
617,7,0.24,851.0021102428436,1022.3318524360657,0.07114526053867348,0.23922616980872755
618,7,0.25,849.4523179531097,1026.2030601501463,0.0702250419182922,0.24750054237501573
619,7,0.26,851.4397885799408,1030.2809369564056,0.0693923214744317,0.2560638346490206
620,7,0.27,850.7493395805359,1043.41428899765,0.07107534541424253,0.2673136587484287
621,7,0.28,854.9951391220093,1045.6557912826538,0.06773264799544147,0.27370266560333784
622,7,0.29,852.2241988182068,1047.7886073589323,0.06964764717003455,0.2855002950282915
623,7,0.3,858.1207995414734,1050.9202256202698,0.07062848273967415,0.29651972544661237
624,7,0.31,855.8866310119629,1065.037962436676,0.07177038076531687,0.30784472885283626
625,7,0.32,859.050660610199,1072.6794040203094,0.06953258261091844,0.3158355249587186
626,7,0.33,855.5369627475739,1085.0553572177887,0.06956586367652784,0.326437129231782
627,7,0.34,853.267463684082,1086.7321121692655,0.06575759728149025,0.3331479814445059
628,7,0.35,860.7155559062958,1091.517954826355,0.06801424570035845,0.34617721827154785
629,7,0.36,852.6157829761505,1100.4479911327362,0.0629517949020415,0.3518912240276778
630,7,0.37,857.4931418895721,1105.772442817688,0.06170347199611234,0.36158814662195154
631,7,0.38,858.0183098316193,1112.3871123790739,0.0597711410403458,0.37064318270071783
632,7,0.39,856.6125147342682,1126.1074905395508,0.0576776014839408,0.37960099323704016
633,7,0.4,859.5737717151642,1129.1493365764618,0.05952128032218587,0.39256332610049116
634,7,0.41,856.4212427139282,1147.0817861557007,0.05396855097676216,0.39817550445993605
635,7,0.42,859.0156700611115,1154.7618050575254,0.051368809264044496,0.40669187637650195
636,7,0.43,861.8607928752899,1161.6580002307892,0.04817911240565357,0.41473397916916044
637,7,0.44,859.3390734195709,1165.5252540111542,0.050320630289153526,0.4280724514775814
638,7,0.45,863.0037953853607,1183.4463999271393,0.046129913937126864,0.43502809971230266
639,7,0.46,860.3747580051422,1189.8527204990387,0.04179191775535436,0.44175361190812906
640,7,0.47,863.9319825172424,1206.8385488986971,0.036063911665748016,0.4470808220658
641,7,0.48,863.163090467453,1206.9908401966095,0.03806013662408507,0.45999700487235046
642,7,0.49,864.374799489975,1220.4666566848755,0.032522744948364365,0.4651792238091845
643,7,0.5,869.3399579524994,1225.153042793274,0.032473360959251435,0.475934747896752
644,7,0.51,863.8935647010803,1238.8483250141146,0.02835586700227747,0.4823466650925137
645,7,0.52,870.6857805252075,1246.1254119873047,0.0267858600271411,0.491128009863908
646,7,0.53,865.755556344986,1264.6397705078125,0.024395719683706414,0.49887828299903775
647,7,0.54,863.3421919345856,1275.1812534332275,0.021288717461828057,0.5057093096477712
648,7,0.55,870.42409324646,1280.7416741847992,0.019943872113397425,0.5140155342729328
649,7,0.56,865.6529467105865,1294.5872259140015,0.014916813111805195,0.5184372847239246
650,7,0.57,867.5705599784851,1311.7118010520935,0.015323352253252919,0.5271274945080201
651,7,0.58,871.213216304779,1319.9560730457304,0.015536588329309122,0.5300313706652309
652,7,0.59,869.2454724311829,1329.9938185214994,0.016050312048046272,0.5412525665199199
653,7,0.6,867.8711404800415,1337.6850850582125,0.01637364710092194,0.5510596702594783
654,7,0.61,872.5971500873566,1353.4249737262724,0.022101443515776486,0.5497969367527827
655,7,0.62,870.9911549091339,1351.6153559684751,0.02741734033269463,0.5563665358838245
656,7,0.63,867.946222782135,1352.4217987060547,0.024784266932432332,0.5681337637757586
657,7,0.64,872.783802986145,1360.6792497634888,0.02777387787378154,0.5752905656494932
658,7,0.65,868.4237413406372,1356.7343945503235,0.03144636310417757,0.5772017094230326
659,7,0.66,874.3652427196503,1353.9798471927645,0.035510958968494856,0.5857184150124802
660,7,0.67,873.9892387390138,1360.620368719101,0.03474354671450504,0.5946165076299457
661,7,0.68,868.4496049880981,1351.9869010448454,0.038837097185543595,0.5988507115966839
662,7,0.69,874.7413756847383,1344.3479306697845,0.04240703525530878,0.6028576132687173
663,7,0.7,875.7519252300262,1337.9697120189667,0.041909241364146796,0.6084665618458697
664,7,0.71,932.3263757228852,1342.2095856666565,0.04419323332614164,0.6165331809948882
665,7,0.72,927.950029373169,1313.472997903824,0.04673117614451691,0.6228848134519759
666,7,0.73,925.6532526016236,1319.3133940696714,0.0483196993681526,0.6292368121530723
667,7,0.74,925.2143557071686,1301.360378742218,0.04819452260452984,0.6373549554773326
668,7,0.75,926.802535057068,1293.3685865402224,0.04643225197201433,0.6508993028813509
669,7,0.76,925.833958864212,1283.5540480613706,0.05434732765624237,0.6545507919086052
670,7,0.77,924.3890695571899,1286.9498279094694,0.05519475255474193,0.6608958317013748
671,7,0.78,930.2149465084076,1271.5811996459959,0.054098234210216395,0.6746976613768808
672,7,0.79,925.3188452720642,1269.8550655841827,0.05485494524758562,0.698901794563933
673,7,0.8,933.579261302948,1269.3940522670744,0.0525009623607213,0.7110541045938282
674,7,0.81,925.783767938614,1269.6353044509888,0.05506090311077152,0.7301508778411611
675,7,0.82,929.1125493049623,1253.301212310791,0.06083267497548921,0.7350720259772857
676,7,0.83,930.0147614479064,1249.3844125270846,0.07420513099930488,0.751596893969639
677,7,0.84,927.9394996166228,1250.136279821396,0.1089227946980476,0.7562298289931286
678,7,0.85,931.841864347458,1245.2089202404022,0.14881192631074963,0.7620693201557325
679,7,0.86,929.2219007015227,1241.5655176639555,0.17989222011563624,0.7813830260807475
680,7,0.87,929.480694770813,1233.4543826580048,0.21915632029846108,0.8006648499949586
681,7,0.88,928.282728433609,1209.7552576065066,0.29830974736030746,0.7876588452330984
682,7,0.89,926.8614835739136,1187.1174964904785,0.33904423742219414,0.821959384689159
683,7,0.9,928.182870388031,1140.508365392685,0.48473801097696434,0.7658560807283266
684,7,0.91,933.502801179886,1089.206933259964,0.5982093626888717,0.7525868795517994
685,7,0.92,931.623408317566,1014.260294675827,0.8493874894890009,0.6427915820274164
686,7,0.93,931.2624089717864,930.964729309082,0.9290324066544016,0.7403348637175684
687,7,0.94,928.2035138607024,886.9585502147675,1.2939468493717035,0.6765689115222299
688,7,0.95,928.7866640090942,1112.705421924591,1.6763407308153806,0.9469958639715932
689,7,0.96,926.7447056770324,13.995092868804932,2.232715405267453,3.742534763552657
690,7,0.97,926.0723609924316,74.5302095413208,3.5153127561871425,4.724160696603376
691,7,0.98,926.9552853107452,85.41384100914001,7.865449881434017,
692,7,0.99,930.7906591892242,47.0743796825409,12.830109852296616,
693,8,0.01,153.15512514114383,150.06643104553225,0.00991914222579654,0.08801783893688103
694,8,0.02,152.91328620910645,130.44357872009277,0.011729798477044046,0.08676323328686125
695,8,0.03,153.86152148246762,359.73151564598083,0.011804000865415044,0.052888196428320246
696,8,0.04,153.69942831993103,1214.174643278122,0.020811401398428436,0.05731919009526736
697,8,0.05,153.38681006431582,1044.3604173660276,0.025566631225950546,0.061742333946088
698,8,0.06,153.60530138015747,962.6485419273376,0.03147971660278244,0.06956404218838573
699,8,0.07,154.4078793525696,926.7657973766327,0.030437233145654226,0.07196534591586277
700,8,0.08,154.64934659004214,913.8625252246857,0.035635995609478055,0.08225076065123427
701,8,0.09,154.77669835090637,920.6282603740692,0.038867187456907176,0.09108552461138242
702,8,0.1,155.8908047676086,916.8358473777772,0.04333511818207617,0.10163858158453437
703,8,0.11,155.49420356750488,925.0990216732024,0.04374848475489811,0.10857186858139281
704,8,0.12,155.27155923843384,925.8341290950776,0.04563967347247113,0.11718614184593648
705,8,0.13,155.63086152076718,935.600106716156,0.05294419671416666,0.13154216191274495
706,8,0.14,154.5477101802826,948.0218486785888,0.05341108428089264,0.13921812704915928
707,8,0.15,154.60010957717898,951.404150247574,0.05753721708970255,0.15076779920300593
708,8,0.16,155.18259644508362,961.0082058906556,0.059771217827366566,0.160604857023787
709,8,0.17,154.8001415729523,967.4239094257356,0.062364307423267,0.17098215521624205
710,8,0.18,155.2417752742767,972.9160890579224,0.061198852204957105,0.17782733071650902
711,8,0.19,155.39257311820984,983.2620358467102,0.0675354764568438,0.19233465420673504
712,8,0.2,155.28353929519653,994.8809204101562,0.06382933099277566,0.19700872374532025
713,8,0.21,155.33670234680176,1003.502684354782,0.069038693295796,0.21077610717941767
714,8,0.22,155.97257328033447,989.5967123508452,0.07152756762525146,0.2220307516634117
715,8,0.23,156.14439225196838,1009.7285141944884,0.06790051297751994,0.22731440369372885
716,8,0.24,156.98482608795166,1011.3618783950806,0.0687257093933644,0.23731989804876633
717,8,0.25,157.16364884376526,1029.5366220474243,0.07316839560047673,0.25108544833801205
718,8,0.26,157.28527235984802,1026.5823550224304,0.07252732790105804,0.25997705468547994
719,8,0.27,158.0658235549927,1037.5886476039886,0.0757064870814262,0.27286716287332385
720,8,0.28,158.71557855606082,1043.7926905155182,0.0723693338635193,0.2794201750213459
721,8,0.29,157.82098388671875,1058.5778715610504,0.07171376408985314,0.2888511569842522
722,8,0.3,158.0119800567627,1052.170800447464,0.06751086680889491,0.2948775174766627
723,8,0.31,159.11558842658997,1061.5292408466341,0.0678037846922922,0.3056015799740778
724,8,0.32,159.76045942306519,1067.852952003479,0.07032681621966065,0.31876392875782045
725,8,0.33,159.99767351150513,1084.3568034172058,0.06519670888095704,0.32440428543652955
726,8,0.34,159.14396548271182,1089.019211769104,0.06329062265454041,0.3334172161955293
727,8,0.35,160.91157603263858,1095.0841629505155,0.06312043186143843,0.3443295907917056
728,8,0.36,160.05841898918155,1095.3576793670654,0.05933892857787793,0.351758384069035
729,8,0.37,161.20189714431763,1106.3742334842682,0.0593512878196278,0.3631502828178243
730,8,0.38,161.49043679237366,1108.5703930854795,0.058927413571841517,0.37420850377040155
731,8,0.39,162.0260074138641,1121.115772485733,0.054217027075499934,0.3810862382893568
732,8,0.4,161.28017234802246,1137.5159873962402,0.054265390763064,0.3928169881195636
733,8,0.41,162.05312705039978,1139.6284530162814,0.05064808025655831,0.4009211994007633
734,8,0.42,162.45656394958496,1144.8549933433533,0.053570883709865846,0.4157814546058515
735,8,0.43,162.32115864753726,1154.045130968094,0.04680762002736962,0.42093233220980864
736,8,0.44,163.55558657646182,1162.0091452598572,0.03910528416802912,0.42518216690924276
737,8,0.45,164.0639405250549,1171.1967363357546,0.03771689122467113,0.4357725368176162
738,8,0.46,164.57125210762027,1188.5715322494507,0.03865077579458659,0.4486873183494241
739,8,0.47,164.2329587936401,1185.0233662128446,0.03478560716232233,0.45678736912163503
740,8,0.48,165.97583746910098,1207.2296013832092,0.0272619438208499,0.46118675308049745
741,8,0.49,164.08265328407288,1220.599527835846,0.025306584940162715,0.4711045784074358
742,8,0.5,164.56820654869082,1214.5755000114439,0.024209878504032174,0.48180594717330966
743,8,0.51,165.09257364273068,1227.797860622406,0.020296534653923465,0.4895859227199323
744,8,0.52,166.2253608703613,1239.9949071407318,0.0170985853712039,0.4979546106953754
745,8,0.53,165.73517751693726,1242.3471863269804,0.012423074798793461,0.5046606752698013
746,8,0.54,166.00926804542542,1252.3994977474213,0.009996592279733957,0.5130093565258593
747,8,0.55,167.75182175636292,1265.415036201477,0.010065840066010065,0.5226438167358297
748,8,0.56,168.64940476417542,1276.1092579364774,0.010104135873980975,0.5301423900398264
749,8,0.57,167.05892300605777,1298.3010652065275,0.013948788271696102,0.5383030354420743
750,8,0.58,166.69291496276855,1300.5055379867556,0.01707163213936918,0.5452051820159761
751,8,0.59,167.90537428855896,1306.1240613460538,0.021927887985245535,0.5519295429019934
752,8,0.6,167.76555943489075,1320.2518441677096,0.026777698112439366,0.5579151046952872
753,8,0.61,169.142333984375,1327.2517445087433,0.029152479458215367,0.5682172597084929
754,8,0.62,167.6704273223877,1324.909637928009,0.03618825782231059,0.5688907360326284
755,8,0.63,168.65648674964902,1330.7821915149686,0.03718519564685581,0.579513454528172
756,8,0.64,168.9081468582153,1338.594926595688,0.039127846867114985,0.5904951436977024
757,8,0.65,170.36254119873047,1333.8956708908079,0.04782093916388828,0.5911679359668278
758,8,0.66,170.4135127067566,1321.4448263645172,0.05035241401336423,0.5989189233642291
759,8,0.67,171.63625454902652,1320.9209303855894,0.05424086970179937,0.6055025637718405
760,8,0.68,170.81681203842163,1322.7706191539764,0.06051282114231482,0.6079412610776406
761,8,0.69,171.02183604240415,1309.993510723114,0.0633628327951462,0.6165803314284974
762,8,0.7,172.31449246406555,1307.766330718994,0.06779632904876341,0.6234735877175149
763,8,0.71,213.7199203968048,1300.3137383461,0.07229696146685158,0.6314048015770528
764,8,0.72,213.72023153305054,1291.1532726287842,0.07501762246722732,0.6410259790604275
765,8,0.73,214.76782774925232,1278.8648099899292,0.08238496978813187,0.6455692448879233
766,8,0.74,215.9276089668274,1261.932175397873,0.0854573922749058,0.6527091289259727
767,8,0.75,215.99724292755127,1265.0207116603854,0.0935839420433042,0.6594947503102654
768,8,0.76,214.3741145133972,1238.085331439972,0.09980096151657969,0.6695558570736148
769,8,0.77,215.8877477645874,1237.2876088619232,0.11224119031708449,0.6710487628092991
770,8,0.78,215.6476514339447,1208.2842135429382,0.12233702921008,0.6776634766218933
771,8,0.79,213.68304443359372,1211.6202392578125,0.12700727429631725,0.6998167125512401
772,8,0.8,214.6234438419342,1197.203797340393,0.13663533836144667,0.7162335727736899
773,8,0.81,213.55679202079773,1202.3910648822784,0.16834766374329,0.7170605953213545
774,8,0.82,214.89078760147092,1191.0135726928709,0.17652081343743728,0.747859134999843
775,8,0.83,215.3723340034485,1179.0486607551575,0.20998658832097758,0.7584649974051627
776,8,0.84,214.98836874961853,1174.2266852855682,0.23415164728700408,0.7839691751227619
777,8,0.85,214.132009267807,1176.2152881622314,0.2700144280874235,0.8036174624756044
778,8,0.86,213.7042102813721,1164.1343352794647,0.3308939986419497,0.8047673272758794
779,8,0.87,214.51450490951538,1152.7622194290159,0.40227958418665877,0.8024046103769393
780,8,0.88,216.42350101470947,1127.8866522312164,0.4772230675056944,0.8042345283023528
781,8,0.89,214.4774277210236,1109.137033700943,0.5544978152382986,0.8110109135191469
782,8,0.9,214.6619794368744,1065.7663969993594,0.6652464034092499,0.7949522818286034
783,8,0.91,214.12644219398499,1011.1603302955627,0.8192859612172656,0.7528208147791486
784,8,0.92,214.56296110153198,937.6294162273407,0.997528981622332,0.7180466402600864
785,8,0.93,215.56713604927063,874.4575297832489,1.1554387737539389,0.7257206187802805
786,8,0.94,215.7393457889557,822.2443342208862,1.4730796779481545,0.6867748695476348
787,8,0.95,215.9442253112793,1011.678057193756,1.9026070410801306,0.8929634365168128
788,8,0.96,215.35939264297485,14.284647941589355,2.5249281529090664,3.5385432596924313
789,8,0.97,215.53847098350525,73.90354537963867,3.675077077924845,4.3673714470987495
790,8,0.98,215.54562497138974,84.93482899665833,4.803513074391923,
791,8,0.99,213.73990201950073,46.80110430717468,8.218691972151323,
792,9,0.01,1333.8911826610565,89.69629073143005,0.012297527428439581,0.05166559561730406
793,9,0.02,1344.614268541336,116.9923450946808,0.011557690341827591,0.023164423566323852
794,9,0.03,1339.836210489273,157.67909669876101,0.02096083605579998,0.022538395498500233
795,9,0.04,1352.4394462108612,215.41680216789246,0.03126630323494618,0.040325216002706055
796,9,0.05,1346.536670446396,310.2246012687683,0.027892328625221428,0.04804837103136581
797,9,0.06,1340.0360736846926,519.8919272422789,0.026824187849453587,0.0558901603216489
798,9,0.07,1342.3053307533266,862.8850591182709,0.03663422179819123,0.07359545971543646
799,9,0.08,1337.8476734161375,892.0980968475342,0.03557223873540522,0.07883325819269286
800,9,0.09,1341.123584508896,919.6793656349182,0.04007223762935679,0.09088399637762196
801,9,0.1,1347.3464481830595,930.855179786682,0.03959217492454378,0.09654180749583503
802,9,0.11,1350.8857507705686,934.3776795864104,0.04519239984531218,0.10965514506278538
803,9,0.12,1349.2886805534365,958.6657161712646,0.04798350444874389,0.11940620185830286
804,9,0.13,1342.2603304386141,956.5819733142853,0.056676406388601885,0.13521110521033722
805,9,0.14,1333.659892320633,971.4225487709044,0.05272599437780365,0.13834509464093747
806,9,0.15,1342.3988387584684,972.3427231311798,0.0561883395140031,0.1493790134952687
807,9,0.16,1343.330717086792,975.1474907398224,0.06519867752700656,0.16605471300330074
808,9,0.17,1355.5418312549589,990.8857548236847,0.06282963991029128,0.17149815435566815
809,9,0.18,1342.368959903717,1000.9208025932312,0.06332655861228165,0.1799929429235354
810,9,0.19,1344.694489479065,1008.8693389892578,0.06414267305993546,0.18901476301707185
811,9,0.2,1342.8937830924988,1011.6713254451753,0.06844867453212493,0.20171614337021226
812,9,0.21,1343.5402517318726,1017.7476873397827,0.07045705235478454,0.21231640079919636
813,9,0.22,1346.589837551117,1032.2265346050262,0.06976143643903246,0.22027863157726849
814,9,0.23,1349.8105914592745,1041.378646850586,0.07052080103831562,0.23016534809975553
815,9,0.24,1340.69340467453,1035.3183770179746,0.07237059942178212,0.24118793292628618
816,9,0.25,1345.8914151191714,1050.2162628173828,0.07101055067868338,0.2492522628591371
817,9,0.26,1346.025780916214,1057.5313014984129,0.07185037632094353,0.2596915741028007
818,9,0.27,1351.1040945053098,1068.6910183429718,0.07487770599179423,0.2725099070788696
819,9,0.28,1341.7889120578764,1064.348326444626,0.07036685476820644,0.2779400070987325
820,9,0.29,1342.7231078147888,1072.5020196437836,0.070026794901727,0.2878363942167402
821,9,0.3,1347.7595882415774,1084.722493648529,0.07037444416516628,0.2986113952848014
822,9,0.31,1348.8511123657229,1093.9008877277374,0.0713666854532684,0.31020086743070785
823,9,0.32,1351.4086799621582,1089.0956754684448,0.06842369802781514,0.3180449303638963
824,9,0.33,1347.8527240753176,1095.4380314350128,0.06884189610952549,0.32943700129836345
825,9,0.34,1343.8733291625974,1109.740119934082,0.06658120507221796,0.33821990827257253
826,9,0.35,1348.620600938797,1123.2174401283264,0.06312661501644919,0.3462123956272795
827,9,0.36,1350.3963239192965,1122.3368165493014,0.06284237073578346,0.35743423089276705
828,9,0.37,1346.8879191875458,1139.0011072158811,0.06002889284816163,0.3662626439898006
829,9,0.38,1350.3041348457334,1136.8733987808228,0.0586080798431377,0.3766978587347828
830,9,0.39,1348.5473005771635,1153.057856798172,0.05730961094122122,0.3873724313630919
831,9,0.4,1350.680290222168,1143.226235628128,0.054073111056408524,0.3962491158061621
832,9,0.41,1346.6400601863859,1176.7038331031802,0.050930256369486476,0.40534235751275705
833,9,0.42,1343.7022116184235,1183.7138524055479,0.04877665864194718,0.41552330166070806
834,9,0.43,1343.7758269309998,1175.780314207077,0.0441217317719048,0.4233320281985661
835,9,0.44,1347.335176229477,1188.1591007709505,0.041465132085586096,0.4332100488545665
836,9,0.45,1355.7208261489868,1198.6889817714693,0.03552293721247881,0.43986174670635736
837,9,0.46,1352.362099647522,1206.884191274643,0.03383995673208157,0.45083499511021075
838,9,0.47,1359.278218984604,1217.9833438396456,0.030743102362179312,0.46041526515998554
839,9,0.48,1354.9282219409945,1216.3215339183807,0.0271310017484579,0.4694894161273517
840,9,0.49,1353.0488259792328,1239.2091867923734,0.024798252016779827,0.4798350419788116
841,9,0.5,1357.8365864753725,1249.6708216667175,0.019684578271428884,0.48734585047403883
842,9,0.51,1348.6796462535858,1251.0362293720245,0.014363179386644205,0.494618512589539
843,9,0.52,1357.7340245246887,1257.9073507785795,0.011094699968944908,0.5038121695426573
844,9,0.53,1357.4010479450224,1272.61975979805,0.006689933596748331,0.5110636223452023
845,9,0.54,1347.1372537612915,1264.717582464218,0.008835489734748528,0.5195676219874196
846,9,0.55,1359.766932964325,1290.7506136894224,0.011451017269449072,0.527871471723235
847,9,0.56,1365.373815059662,1298.0639708042145,0.0152883294297249,0.5375539268678933
848,9,0.57,1370.7698082923891,1308.9870858192446,0.020663551580842585,0.5427504548674135
849,9,0.58,1356.1100482940676,1314.7652356624606,0.02243234320466816,0.5550640082186047
850,9,0.59,1359.9766817092896,1326.4537580013275,0.028447678582578996,0.5596952659766029
851,9,0.6,1359.2610507011416,1322.9413924217226,0.03374481867939526,0.5667239726300782
852,9,0.61,1348.1313638687136,1338.2596044540405,0.03867797501209874,0.5734442937963496
853,9,0.62,1363.428151845932,1337.439481973648,0.04177484765982866,0.5824332399715151
854,9,0.63,1354.9477953910828,1344.0555889606474,0.04690842316664833,0.5890268142359106
855,9,0.64,1362.8749859333036,1342.329150915146,0.04995010141010738,0.59748621208196
856,9,0.65,1365.2022910118105,1345.445476770401,0.05723140339470847,0.6006390706308885
857,9,0.66,1363.4120228290558,1331.2884676456454,0.06147928217053627,0.6073717222739172
858,9,0.67,1369.9821417331696,1327.1328065395355,0.06475958150252722,0.6176422207073342
859,9,0.68,1360.5567507743835,1324.7997140884402,0.07116113037319759,0.6220382652072053
860,9,0.69,1365.142383813858,1312.864815235138,0.07812586398281517,0.6260617054735517
861,9,0.7,1365.2527511119845,1297.445196390152,0.08398237004330895,0.6289914604530209
862,9,0.71,1409.8728823661804,1296.9421875476835,0.08499278616168175,0.6412277307210823
863,9,0.72,1407.3751962184906,1270.3019723892212,0.09225528106424978,0.6448865002154028
864,9,0.73,1402.7214796543121,1265.3591816425326,0.09494144397962366,0.6570087748841889
865,9,0.74,1402.438850402832,1247.3901314735413,0.10051730238206727,0.6612868670063784
866,9,0.75,1406.3834857940674,1237.3003549575806,0.10517116866573802,0.669764602637523
867,9,0.76,1402.321286201477,1232.5548622608185,0.11208848245543093,0.6802565620021903
868,9,0.77,1401.6381900310516,1220.766797542572,0.1179098113790108,0.6859165530024737
869,9,0.78,1399.9173781871796,1206.5804536342619,0.12506257600584522,0.6966603407211397
870,9,0.79,1409.3631138801575,1180.2554368972776,0.13038540961265369,0.715483958431434
871,9,0.8,1410.5323705673218,1178.0676031112669,0.13676752216364374,0.7282809198204407
872,9,0.81,1401.2590873241425,1157.348832845688,0.1581670213062687,0.7263049971334326
873,9,0.82,1403.0288593769073,1158.5544188022616,0.17544120038316643,0.7367484627964277
874,9,0.83,1412.6580653190613,1145.9530920982359,0.20155342786830222,0.7486140768136261
875,9,0.84,1405.7484283447266,1133.243537902832,0.21449963471240044,0.7790225011440327
876,9,0.85,1404.5490009784698,1127.2358210086825,0.22837731249549173,0.8140386637306147
877,9,0.86,1407.0617043972015,1124.5358843803406,0.301697312405326,0.7955411843600868
878,9,0.87,1411.7648475170135,1113.511472940445,0.3461581649905464,0.8118937101539768
879,9,0.88,1398.367712020874,1087.948616027832,0.3946010114530069,0.8309722390817428
880,9,0.89,1402.7901332378387,1064.387715101242,0.5279887740387761,0.772742818329103
881,9,0.9,1403.9930448532104,1022.5966904163361,0.5808110344699278,0.8030895887882974
882,9,0.91,1413.0518324375153,974.3160321712494,0.713580656248102,0.7662968257720215
883,9,0.92,1410.4394419193268,920.7187893390656,0.8349230073358825,0.7585164582268934
884,9,0.93,1403.631245136261,845.6807267665863,1.0268953138838246,0.7341402345362872
885,9,0.94,1398.3334965705872,812.797529220581,1.2875650397832241,0.7260801132924144
886,9,0.95,1412.0160963535309,989.37948179245,1.570714819995817,0.9701848763655937
887,9,0.96,1404.7329530715942,15.008015155792235,2.105962997894563,3.078703337549902
888,9,0.97,1412.5014848709106,75.20648169517517,2.7544789930917104,3.4061727159646615
889,9,0.98,1409.5648443698885,86.63557887077332,5.057190768688077,
890,9,0.99,1403.0713777542114,48.21736216545105,8.536907758532251,
891,10,0.01,15.341538667678833,147.77661180496216,0.016005545351570272,0.06623658907736786
892,10,0.02,15.138134717941284,140.68617343902588,0.016070285078630328,0.13367502785264423
893,10,0.03,15.294031381607056,1289.812052488327,0.01983272766884206,0.05331043879086719
894,10,0.04,15.35709524154663,1062.88027882576,0.015755711326890343,0.04660807853550047
895,10,0.05,15.429444074630736,948.4357347488403,0.020165173617931267,0.051084179182147145
896,10,0.06,15.551877975463867,911.8769762516023,0.02371153012917998,0.05888744540079671
897,10,0.07,15.660167932510376,895.7566840648651,0.033042228853169486,0.07300040455808497
898,10,0.08,15.709631443023682,893.775506734848,0.03528456765336121,0.08064845503160474
899,10,0.09,15.774645805358887,898.8213260173798,0.03585736983960794,0.08744054852039383
900,10,0.1,15.92733383178711,900.8635318279266,0.04310370149435105,0.10110437148853697
901,10,0.11,15.902355670928955,904.6975977420807,0.04612194951361339,0.11049608039014121
902,10,0.12,15.831887006759644,916.1409754753113,0.05348262867174988,0.12498230464653032
903,10,0.13,15.922546625137329,924.6897711753844,0.04832247134074928,0.12684697928219849
904,10,0.14,15.901211500167847,934.4341337680817,0.05408858883932039,0.13965933856905424
905,10,0.15,15.908262491226196,938.0835149288176,0.05729638777825615,0.15051030081783143
906,10,0.16,15.90234661102295,945.934095621109,0.06247976866994485,0.16326886803875426
907,10,0.17,15.861804008483887,959.8664050102234,0.056512563420800375,0.16519048071521994
908,10,0.18,15.9018874168396,961.214910507202,0.06401281167329678,0.18066466065861342
909,10,0.19,15.91613245010376,980.2047953605652,0.0647024655424689,0.1895542807584917
910,10,0.2,15.874662160873413,979.6854786872864,0.06929303090159021,0.20259788951264682
911,10,0.21,15.88792324066162,989.6121532917024,0.06663122858430802,0.20854599734735296
912,10,0.22,15.97669506072998,997.1020846366882,0.07255795116924063,0.22328258722563596
913,10,0.23,16.092536211013794,1008.1321048736572,0.07144042339111692,0.23117628819061403
914,10,0.24,16.281804084777832,1014.1730108261107,0.07158946665579012,0.24053545776714558
915,10,0.25,16.425851583480835,1006.303333759308,0.07086025385599876,0.249273199947758
916,10,0.26,16.526235342025757,1019.8032014369963,0.07560897516244902,0.26367035136146166
917,10,0.27,16.867570638656616,1026.4150619506836,0.06895426920403953,0.2667532100262428
918,10,0.28,17.160048007965088,1031.0391714572906,0.07149809306157627,0.2794712792684004
919,10,0.29,17.34984803199768,1030.766943693161,0.07020531934236834,0.28849294795925123
920,10,0.3,17.564207553863525,1046.4911777973177,0.07169558295268309,0.30047776443631946
921,10,0.31,17.840034008026127,1047.2824172973633,0.06826975708445514,0.3077781844778412
922,10,0.32,18.15668511390686,1059.5000383853912,0.06933842714211058,0.3197782108132142
923,10,0.33,18.502686738967896,1057.679811000824,0.06645668306863171,0.3280097313362518
924,10,0.34,18.605654001235962,1061.256868600845,0.06404260585691342,0.3369810865441886
925,10,0.35,18.879289627075195,1081.190183877945,0.0634099624496555,0.3479180416896125
926,10,0.36,19.206153631210327,1083.1094505786896,0.06018069834288353,0.35646279026582095
927,10,0.37,19.52875113487244,1089.5042934417722,0.06075019067706,0.3690175799589289
928,10,0.38,19.54917550086975,1093.0179510116575,0.05656687585457567,0.3769937933112735
929,10,0.39,19.76002025604248,1099.772933959961,0.055820130360086075,0.3886592294782561
930,10,0.4,20.102780818939213,1108.0348725318906,0.04976781331550976,0.3951985512160712
931,10,0.41,20.216088771820072,1114.8095684051514,0.04858637301338913,0.4068019239078049
932,10,0.42,20.515405654907227,1128.2885088920593,0.043082502059164245,0.4142745593245267
933,10,0.43,20.55448627471924,1120.8141746520996,0.040856849099843655,0.4252081823526186
934,10,0.44,21.076382398605347,1136.762976646423,0.03461525564669613,0.4322673738779362
935,10,0.45,21.19803524017334,1137.5813047885895,0.034046469158134064,0.44527755624008636
936,10,0.46,21.446095943450924,1147.8657903671265,0.029672122103496117,0.4546060341570409
937,10,0.47,21.578388929367065,1162.0554974079132,0.025118759162408005,0.46392605303628304
938,10,0.48,21.87811088562012,1164.363132238388,0.018839835552118746,0.47168704535100203
939,10,0.49,22.0791289806366,1170.8811402320862,0.012829746955136253,0.47986980185748823
940,10,0.5,22.31637454032898,1177.87086725235,0.00657525196301303,0.4876795729979186
941,10,0.51,22.39439296722412,1185.3702578544614,0.004426827273380491,0.494310950974414
942,10,0.52,22.780993938446045,1197.4046709537504,0.0047761559060873785,0.5081759414272866
943,10,0.53,22.99962615966797,1201.996171951294,0.01311527576412599,0.5143736362582293
944,10,0.54,23.113036632537842,1221.0897324085236,0.016019753667107086,0.526285891113371
945,10,0.55,23.196817874908447,1227.3660776615145,0.02357720572802255,0.5340226648849847
946,10,0.56,23.43995022773743,1241.4534909725191,0.02958714819469443,0.5437713565147578
947,10,0.57,23.636388301849365,1248.8441259860992,0.03573458190757486,0.5526973048517633
948,10,0.58,23.99640536308289,1258.2966537475584,0.04509266343048795,0.5592802038202997
949,10,0.59,24.0637788772583,1265.005837917328,0.05147723052393481,0.5682413751080837
950,10,0.6,24.254608154296875,1272.4946484565735,0.06236513786438597,0.5735394154154826
951,10,0.61,24.459022045135498,1280.3764944076538,0.07345630823015607,0.578804631140745
952,10,0.62,24.58395266532898,1282.5883285999298,0.07937156520786727,0.5893159669718225
953,10,0.63,24.803325653076172,1287.2811088562014,0.09228094920597485,0.5928649873718197
954,10,0.64,24.89867639541626,1283.3671929836273,0.09860837461045271,0.6033190550280968
955,10,0.65,25.197479248046875,1288.5460298061369,0.10967320698880452,0.6094480920381112
956,10,0.66,25.48627495765686,1271.5982503890993,0.11725477859159042,0.6196388880964083
957,10,0.67,25.278439044952393,1270.3456485271456,0.129921090577528,0.6250092934200064
958,10,0.68,25.49168682098389,1269.3698284626007,0.14109719733149884,0.6321164340385392
959,10,0.69,25.669497966766357,1254.1472384929655,0.15470407420153046,0.6368293739836708
960,10,0.7,25.7895667552948,1252.1135623455048,0.16679161491335756,0.6443237942046471
961,10,0.71,25.95934319496155,1234.0872676372528,0.17841699513770692,0.6533676906079444
962,10,0.72,26.148610591888428,1222.5825519561768,0.19532968730875305,0.6563340752866899
963,10,0.73,26.287269353866574,1208.8192491531372,0.21176326346721994,0.6625358769459715
964,10,0.74,26.41858696937561,1191.5060515403748,0.22657211989777282,0.6711031230688025
965,10,0.75,55.767945528030396,1177.6279482841494,0.23780281909811066,0.6854420612260396
966,10,0.76,56.15768575668335,1169.7239754199984,0.2550884261406276,0.6947976741572407
967,10,0.77,55.84982466697693,1156.0159690380094,0.276383103989816,0.7026806364660633
968,10,0.78,55.724135398864746,1138.205983877182,0.2992594353964445,0.7100095306286383
969,10,0.79,55.69744539260864,1130.3599603176115,0.31827068124751395,0.7248419560723792
970,10,0.8,55.632317781448364,1117.3362934589386,0.35353385241257956,0.726548917861073
971,10,0.81,55.875108242034905,1097.2545454502106,0.3856705347324665,0.7356531703996779
972,10,0.82,55.40263223648071,1080.9348623752594,0.41160616532666283,0.7549170995926077
973,10,0.83,55.9908447265625,1074.8821127414703,0.4489855161347586,0.7670643456226967
974,10,0.84,56.233012437820435,1059.3026552200315,0.49417127507356073,0.776065548765458
975,10,0.85,56.012484788894646,1054.9716119766238,0.5279043148408729,0.8014362686525215
976,10,0.86,56.14277267456055,1043.8238832950592,0.5921845944882695,0.8019606590721554
977,10,0.87,56.05633807182312,1035.6906335353854,0.6637362299142102,0.8003127591332116
978,10,0.88,55.85026979446411,1007.8525488376616,0.7139623948698219,0.8252395724646266
979,10,0.89,56.070692777633674,990.503380060196,0.7878982144119008,0.8322251750326083
980,10,0.9,56.36110353469849,950.9825813770294,0.8722870600838701,0.8379737491609897
981,10,0.91,55.7862811088562,906.087017774582,1.0119740729885878,0.7954615584913691
982,10,0.92,55.99872064590454,848.6780931949615,1.1572298041636262,0.7687390119133568
983,10,0.93,56.08394002914429,792.9199857711792,1.3324189752736388,0.7504200819381913
984,10,0.94,56.271674633026116,762.9439032077789,1.5382639749625318,0.8056445327410697
985,10,0.95,56.27717041969299,919.6542901992798,1.8553675146037878,0.9522840349679822
986,10,0.96,56.40929985046387,15.253351211547852,2.3384036831900277,2.813098548354023
987,10,0.97,56.2642457485199,74.25899243354796,3.021934224284665,3.169414864005012
988,10,0.98,56.6548490524292,85.10272693634033,5.0689330598240625,
989,10,0.99,55.94324135780335,47.11665487289429,8.314192765765679,
